Keyword,Pos,Var,Volume,"Traffico
Stimato",Keyword Difficulty,Keyword Opportunity
liberatingstructures,2,0,2900,455.01,1,93
liberating structures,2,0,140,21.965999999999998,21,43
liberating structures triz,26,0,50,0,21,82
liberating,2,49,20,3.138,64,25
liberating structures ecocycle,44,0,10,0,27,79
come iniziare con le liberating structures,1,0,0,0,13,88
liberating structure,2,0,0,0,27,40
liberating structures.com,2,0,0,0,15,87
liberating structures per sviluppo leadership partecipativa,2,0,0,0,17,90
liberating structures per startup tecnologiche,2,-1,0,0,14,89
guida completa liberating structures,3,2,0,0,13,89
libersting,8,0,0,0,52,76
liberating structures per riunioni online efficaci,18,0,0,0,18,88
come gestire resistenza al cambiamento con liberating structures,29,-3,0,0,22,84
liberating structures 1-2-4-all,36,0,0,0,15,89
certificazione facilitatore liberating structures,39,-36,0,0,28,84