URL,Traffico Potenziale,Keyword,Menzioni AI
https://liberating.it/difficolta/intermedia/,3060,6,0
https://liberating.it/structures/social-network-webbing/,220,3,0
https://liberating.it/structures/open-space-technology-ost/,220,2,0
https://liberating.it/structures/w3-what-so-what-now-what/,140,1,0
https://liberating.it/,50,3,0
https://liberating.it/structures/1-2-4-all/,40,1,0
https://liberating.it/complessita/team-rodati/,10,3,0
https://liberating.it/difficolta/intermedia/page/2/,10,2,0
https://liberating.it/structures/triz/,10,2,0
https://liberating.it/structures/drawing-together/,10,1,0
https://liberating.it/structures/25-10-crowd-sourcing/,10,1,0
https://liberating.it/structures/troika-consulting/,10,1,0
https://liberating.it/structures/purpose-to-practice-p2p/,0,1,0
https://liberating.it/structures/shift-share/,0,1,0
https://liberating.it/complessita/iniziare-subito/,0,1,0
https://liberating.it/structures/improv-prototyping/,0,1,0
https://liberating.it/complessita/facilitazioni-complesse/,0,1,0