URL,Canonical URL,Self Canonical,Found in
https://liberating.it/,https://liberating.it/,
https://liberating.it/design-thinking/design-thinking-cycle/,https://liberating.it/,,https://liberating.it/structures/panarchy/
https://liberating.it/design-thinking/design-thinking-cycle/structures/,https://liberating.it/,,https://liberating.it/design-thinking/design-thinking-cycle/
https://liberating.it/design-thinking/design-thinking-cycle/per-bisogno/generare-idee/,https://liberating.it/,,https://liberating.it/design-thinking/design-thinking-cycle/
https://liberating.it/design-thinking/design-thinking-cycle/structures/1-2-4-all/,https://liberating.it/,,https://liberating.it/design-thinking/design-thinking-cycle/
https://liberating.it/design-thinking/design-thinking-cycle/structures/impromptu-networking/,https://liberating.it/,,https://liberating.it/design-thinking/design-thinking-cycle/
https://liberating.it/design-thinking/design-thinking-cycle/per-bisogno/prendere-decisioni/,https://liberating.it/,,https://liberating.it/design-thinking/design-thinking-cycle/
https://liberating.it/design-thinking/design-thinking-cycle/structures/15-solutions/,https://liberating.it/,,https://liberating.it/design-thinking/design-thinking-cycle/
https://liberating.it/design-thinking/design-thinking-cycle/10-principi-fondamentali-liberating-structures/,https://liberating.it/,,https://liberating.it/design-thinking/design-thinking-cycle/
https://liberating.it/design-thinking/design-thinking-cycle/structures/w3-what-so-what-now-what/,https://liberating.it/,,https://liberating.it/design-thinking/design-thinking-cycle/
https://liberating.it/design-thinking/design-thinking-cycle/termini-di-servizio/,https://liberating.it/,,https://liberating.it/design-thinking/design-thinking-cycle/
https://liberating.it/design-thinking/design-thinking-cycle/structures/complessita/iniziare-subito/,https://liberating.it/,,https://liberating.it/design-thinking/design-thinking-cycle/structures/
https://liberating.it/design-thinking/design-thinking-cycle/per-bisogno/,https://liberating.it/,,https://liberating.it/design-thinking/design-thinking-cycle/
https://liberating.it/design-thinking/design-thinking-cycle/per-bisogno/generare-idee/structures/,https://liberating.it/,,https://liberating.it/design-thinking/design-thinking-cycle/per-bisogno/generare-idee/
https://liberating.it/design-thinking/design-thinking-cycle/structures/per-bisogno/fare-strategia/,https://liberating.it/,,https://liberating.it/design-thinking/design-thinking-cycle/structures/
https://liberating.it/design-thinking/design-thinking-cycle/per-bisogno/generare-idee/termini-di-servizio/,https://liberating.it/,,https://liberating.it/design-thinking/design-thinking-cycle/per-bisogno/generare-idee/
https://liberating.it/design-thinking/design-thinking-cycle/structures/structures/w3-what-so-what-now-what/,https://liberating.it/,,https://liberating.it/design-thinking/design-thinking-cycle/structures/
https://liberating.it/design-thinking/design-thinking-cycle/structures/structures/heard-seen-respected-hsr/,https://liberating.it/,,https://liberating.it/design-thinking/design-thinking-cycle/structures/
https://liberating.it/design-thinking/design-thinking-cycle/structures/impromptu-networking/privacy-policy/,https://liberating.it/,,https://liberating.it/design-thinking/design-thinking-cycle/structures/impromptu-networking/
https://liberating.it/design-thinking/design-thinking-cycle/structures/impromptu-networking/structures/,https://liberating.it/,,https://liberating.it/design-thinking/design-thinking-cycle/structures/impromptu-networking/
https://liberating.it/design-thinking/design-thinking-cycle/per-bisogno/analizzare-problemi/,https://liberating.it/,,https://liberating.it/design-thinking/design-thinking-cycle/
https://liberating.it/design-thinking/design-thinking-cycle/privacy-policy/,https://liberating.it/,,https://liberating.it/design-thinking/design-thinking-cycle/
https://liberating.it/design-thinking/design-thinking-cycle/structures/impromptu-networking/structures/15-solutions/,https://liberating.it/,,https://liberating.it/design-thinking/design-thinking-cycle/structures/impromptu-networking/
https://liberating.it/design-thinking/design-thinking-cycle/per-bisogno/prendere-decisioni/structures/impromptu-networking/,https://liberating.it/,,https://liberating.it/design-thinking/design-thinking-cycle/per-bisogno/prendere-decisioni/
https://liberating.it/design-thinking/design-thinking-cycle/structures/impromptu-networking/structures/w3-what-so-what-now-what/,https://liberating.it/,,https://liberating.it/design-thinking/design-thinking-cycle/structures/impromptu-networking/
https://liberating.it/design-thinking/design-thinking-cycle/per-bisogno/prendere-decisioni/structures/heard-seen-respected-hsr/,https://liberating.it/,,https://liberating.it/design-thinking/design-thinking-cycle/per-bisogno/prendere-decisioni/
https://liberating.it/design-thinking/design-thinking-cycle/per-bisogno/generare-idee/per-bisogno/fare-strategia/,https://liberating.it/,,https://liberating.it/design-thinking/design-thinking-cycle/per-bisogno/generare-idee/
https://liberating.it/design-thinking/design-thinking-cycle/per-bisogno/generare-idee/structures/impromptu-networking/,https://liberating.it/,,https://liberating.it/design-thinking/design-thinking-cycle/per-bisogno/generare-idee/
https://liberating.it/design-thinking/design-thinking-cycle/structures/1-2-4-all/complessita/iniziare-subito/,https://liberating.it/,,https://liberating.it/design-thinking/design-thinking-cycle/structures/1-2-4-all/
https://liberating.it/design-thinking/design-thinking-cycle/per-bisogno/prendere-decisioni/structures/1-2-4-all/,https://liberating.it/,,https://liberating.it/design-thinking/design-thinking-cycle/per-bisogno/prendere-decisioni/
https://liberating.it/design-thinking/design-thinking-cycle/structures/15-solutions/per-bisogno/generare-idee/,https://liberating.it/,,https://liberating.it/design-thinking/design-thinking-cycle/structures/15-solutions/
https://liberating.it/design-thinking/design-thinking-cycle/termini-di-servizio/privacy-policy/,https://liberating.it/,,https://liberating.it/design-thinking/design-thinking-cycle/termini-di-servizio/
https://liberating.it/design-thinking/design-thinking-cycle/structures/impromptu-networking/per-bisogno/analizzare-problemi/,https://liberating.it/,,https://liberating.it/design-thinking/design-thinking-cycle/structures/impromptu-networking/
https://liberating.it/design-thinking/design-thinking-cycle/structures/15-solutions/per-bisogno/analizzare-problemi/,https://liberating.it/,,https://liberating.it/design-thinking/design-thinking-cycle/structures/15-solutions/
https://liberating.it/design-thinking/design-thinking-cycle/structures/per-bisogno/,https://liberating.it/,,https://liberating.it/design-thinking/design-thinking-cycle/structures/
https://liberating.it/design-thinking/design-thinking-cycle/structures/15-solutions/per-bisogno/prendere-decisioni/,https://liberating.it/,,https://liberating.it/design-thinking/design-thinking-cycle/structures/15-solutions/
https://liberating.it/design-thinking/design-thinking-cycle/structures/1-2-4-all/per-bisogno/fare-strategia/,https://liberating.it/,,https://liberating.it/design-thinking/design-thinking-cycle/structures/1-2-4-all/
https://liberating.it/design-thinking/design-thinking-cycle/structures/complessita/iniziare-subito/structures/,https://liberating.it/,,https://liberating.it/design-thinking/design-thinking-cycle/structures/complessita/iniziare-subito/
https://liberating.it/design-thinking/design-thinking-cycle/structures/impromptu-networking/per-bisogno/fare-strategia/,https://liberating.it/,,https://liberating.it/design-thinking/design-thinking-cycle/structures/impromptu-networking/
https://liberating.it/design-thinking/design-thinking-cycle/structures/complessita/iniziare-subito/10-principi-fondamentali-liberating-structures/,https://liberating.it/,,https://liberating.it/design-thinking/design-thinking-cycle/structures/complessita/iniziare-subito/
https://liberating.it/design-thinking/design-thinking-cycle/termini-di-servizio/termini-di-servizio/,https://liberating.it/,,https://liberating.it/design-thinking/design-thinking-cycle/termini-di-servizio/
https://liberating.it/design-thinking/design-thinking-cycle/structures/1-2-4-all/per-bisogno/generare-idee/,https://liberating.it/,,https://liberating.it/design-thinking/design-thinking-cycle/structures/1-2-4-all/
https://liberating.it/design-thinking/design-thinking-cycle/per-bisogno/structures/1-2-4-all/,https://liberating.it/,,https://liberating.it/design-thinking/design-thinking-cycle/per-bisogno/
https://liberating.it/design-thinking/design-thinking-cycle/per-bisogno/complessita/iniziare-subito/,https://liberating.it/,,https://liberating.it/design-thinking/design-thinking-cycle/per-bisogno/
https://liberating.it/design-thinking/design-thinking-cycle/per-bisogno/generare-idee/termini-di-servizio/structures/15-solutions/,https://liberating.it/,,https://liberating.it/design-thinking/design-thinking-cycle/per-bisogno/generare-idee/termini-di-servizio/
https://liberating.it/design-thinking/design-thinking-cycle/per-bisogno/generare-idee/termini-di-servizio/per-bisogno/generare-idee/,https://liberating.it/,,https://liberating.it/design-thinking/design-thinking-cycle/per-bisogno/generare-idee/termini-di-servizio/
https://liberating.it/design-thinking/design-thinking-cycle/per-bisogno/generare-idee/structures/w3-what-so-what-now-what/,https://liberating.it/,,https://liberating.it/design-thinking/design-thinking-cycle/per-bisogno/generare-idee/
https://liberating.it/design-thinking/design-thinking-cycle/structures/structures/impromptu-networking/,https://liberating.it/,,https://liberating.it/design-thinking/design-thinking-cycle/structures/
https://liberating.it/design-thinking/design-thinking-cycle/per-bisogno/per-bisogno/generare-idee/,https://liberating.it/,,https://liberating.it/design-thinking/design-thinking-cycle/per-bisogno/
https://liberating.it/design-thinking/design-thinking-cycle/per-bisogno/privacy-policy/,https://liberating.it/,,https://liberating.it/design-thinking/design-thinking-cycle/per-bisogno/
https://liberating.it/design-thinking/design-thinking-cycle/per-bisogno/generare-idee/structures/termini-di-servizio/,https://liberating.it/,,https://liberating.it/design-thinking/design-thinking-cycle/per-bisogno/generare-idee/structures/
https://liberating.it/design-thinking/design-thinking-cycle/per-bisogno/generare-idee/termini-di-servizio/per-bisogno/,https://liberating.it/,,https://liberating.it/design-thinking/design-thinking-cycle/per-bisogno/generare-idee/termini-di-servizio/
https://liberating.it/design-thinking/design-thinking-cycle/per-bisogno/prendere-decisioni/structures/15-solutions/,https://liberating.it/,,https://liberating.it/design-thinking/design-thinking-cycle/per-bisogno/prendere-decisioni/
https://liberating.it/design-thinking/design-thinking-cycle/per-bisogno/prendere-decisioni/complessita/iniziare-subito/,https://liberating.it/,,https://liberating.it/design-thinking/design-thinking-cycle/per-bisogno/prendere-decisioni/
https://liberating.it/design-thinking/design-thinking-cycle/structures/impromptu-networking/10-principi-fondamentali-liberating-structures/,https://liberating.it/,,https://liberating.it/design-thinking/design-thinking-cycle/structures/impromptu-networking/
https://liberating.it/design-thinking/design-thinking-cycle/structures/w3-what-so-what-now-what/per-bisogno/analizzare-problemi/,https://liberating.it/,,https://liberating.it/design-thinking/design-thinking-cycle/structures/w3-what-so-what-now-what/
https://liberating.it/design-thinking/design-thinking-cycle/per-bisogno/prendere-decisioni/10-principi-fondamentali-liberating-structures/,https://liberating.it/,,https://liberating.it/design-thinking/design-thinking-cycle/per-bisogno/prendere-decisioni/
https://liberating.it/design-thinking/design-thinking-cycle/structures/15-solutions/structures/1-2-4-all/,https://liberating.it/,,https://liberating.it/design-thinking/design-thinking-cycle/structures/15-solutions/
https://liberating.it/design-thinking/design-thinking-cycle/structures/structures/,https://liberating.it/,,https://liberating.it/design-thinking/design-thinking-cycle/structures/
https://liberating.it/design-thinking/design-thinking-cycle/structures/w3-what-so-what-now-what/per-bisogno/,https://liberating.it/,,https://liberating.it/design-thinking/design-thinking-cycle/structures/w3-what-so-what-now-what/
https://liberating.it/design-thinking/design-thinking-cycle/structures/w3-what-so-what-now-what/complessita/iniziare-subito/,https://liberating.it/,,https://liberating.it/design-thinking/design-thinking-cycle/structures/w3-what-so-what-now-what/
https://liberating.it/design-thinking/design-thinking-cycle/10-principi-fondamentali-liberating-structures/per-bisogno/prendere-decisioni/,https://liberating.it/,,https://liberating.it/design-thinking/design-thinking-cycle/10-principi-fondamentali-liberating-structures/
https://liberating.it/design-thinking/design-thinking-cycle/10-principi-fondamentali-liberating-structures/privacy-policy/,https://liberating.it/,,https://liberating.it/design-thinking/design-thinking-cycle/10-principi-fondamentali-liberating-structures/
https://liberating.it/design-thinking/design-thinking-cycle/structures/complessita/iniziare-subito/privacy-policy/,https://liberating.it/,,https://liberating.it/design-thinking/design-thinking-cycle/structures/complessita/iniziare-subito/
https://liberating.it/design-thinking/design-thinking-cycle/structures/per-bisogno/analizzare-problemi/,https://liberating.it/,,https://liberating.it/design-thinking/design-thinking-cycle/structures/
https://liberating.it/design-thinking/design-thinking-cycle/structures/impromptu-networking/structures/1-2-4-all/,https://liberating.it/,,https://liberating.it/design-thinking/design-thinking-cycle/structures/impromptu-networking/
https://liberating.it/design-thinking/design-thinking-cycle/per-bisogno/generare-idee/termini-di-servizio/structures/impromptu-networking/,https://liberating.it/,,https://liberating.it/design-thinking/design-thinking-cycle/per-bisogno/generare-idee/termini-di-servizio/
https://liberating.it/design-thinking/design-thinking-cycle/structures/termini-di-servizio/,https://liberating.it/,,https://liberating.it/design-thinking/design-thinking-cycle/structures/
https://liberating.it/design-thinking/design-thinking-cycle/10-principi-fondamentali-liberating-structures/structures/heard-seen-respected-hsr/,https://liberating.it/,,https://liberating.it/design-thinking/design-thinking-cycle/10-principi-fondamentali-liberating-structures/
https://liberating.it/design-thinking/design-thinking-cycle/per-bisogno/generare-idee/termini-di-servizio/10-principi-fondamentali-liberating-structures/,https://liberating.it/,,https://liberating.it/design-thinking/design-thinking-cycle/per-bisogno/generare-idee/termini-di-servizio/
https://liberating.it/design-thinking/design-thinking-cycle/structures/complessita/iniziare-subito/per-bisogno/,https://liberating.it/,,https://liberating.it/design-thinking/design-thinking-cycle/structures/complessita/iniziare-subito/
https://liberating.it/design-thinking/design-thinking-cycle/structures/per-bisogno/fare-strategia/per-bisogno/analizzare-problemi/,https://liberating.it/,,https://liberating.it/design-thinking/design-thinking-cycle/structures/per-bisogno/fare-strategia/
https://liberating.it/design-thinking/design-thinking-cycle/per-bisogno/prendere-decisioni/structures/w3-what-so-what-now-what/,https://liberating.it/,,https://liberating.it/design-thinking/design-thinking-cycle/per-bisogno/prendere-decisioni/
https://liberating.it/design-thinking/design-thinking-cycle/structures/1-2-4-all/termini-di-servizio/,https://liberating.it/,,https://liberating.it/design-thinking/design-thinking-cycle/structures/1-2-4-all/
https://liberating.it/design-thinking/design-thinking-cycle/structures/w3-what-so-what-now-what/structures/,https://liberating.it/,,https://liberating.it/design-thinking/design-thinking-cycle/structures/w3-what-so-what-now-what/
https://liberating.it/design-thinking/design-thinking-cycle/per-bisogno/prendere-decisioni/per-bisogno/analizzare-problemi/,https://liberating.it/,,https://liberating.it/design-thinking/design-thinking-cycle/per-bisogno/prendere-decisioni/
https://liberating.it/design-thinking/design-thinking-cycle/structures/per-bisogno/fare-strategia/termini-di-servizio/,https://liberating.it/,,https://liberating.it/design-thinking/design-thinking-cycle/structures/per-bisogno/fare-strategia/
https://liberating.it/design-thinking/design-thinking-cycle/termini-di-servizio/per-bisogno/,https://liberating.it/,,https://liberating.it/design-thinking/design-thinking-cycle/termini-di-servizio/
https://liberating.it/design-thinking/design-thinking-cycle/structures/15-solutions/privacy-policy/,https://liberating.it/,,https://liberating.it/design-thinking/design-thinking-cycle/structures/15-solutions/
https://liberating.it/design-thinking/design-thinking-cycle/per-bisogno/generare-idee/structures/15-solutions/,https://liberating.it/,,https://liberating.it/design-thinking/design-thinking-cycle/per-bisogno/generare-idee/
https://liberating.it/design-thinking/design-thinking-cycle/structures/complessita/iniziare-subito/per-bisogno/generare-idee/,https://liberating.it/,,https://liberating.it/design-thinking/design-thinking-cycle/structures/complessita/iniziare-subito/
https://liberating.it/design-thinking/design-thinking-cycle/structures/w3-what-so-what-now-what/10-principi-fondamentali-liberating-structures/,https://liberating.it/,,https://liberating.it/design-thinking/design-thinking-cycle/structures/w3-what-so-what-now-what/
https://liberating.it/design-thinking/design-thinking-cycle/per-bisogno/termini-di-servizio/,https://liberating.it/,,https://liberating.it/design-thinking/design-thinking-cycle/per-bisogno/
https://liberating.it/design-thinking/design-thinking-cycle/structures/per-bisogno/fare-strategia/per-bisogno/fare-strategia/,https://liberating.it/,,https://liberating.it/design-thinking/design-thinking-cycle/structures/per-bisogno/fare-strategia/
https://liberating.it/design-thinking/design-thinking-cycle/structures/15-solutions/complessita/iniziare-subito/,https://liberating.it/,,https://liberating.it/design-thinking/design-thinking-cycle/structures/15-solutions/
https://liberating.it/design-thinking/design-thinking-cycle/per-bisogno/generare-idee/structures/per-bisogno/generare-idee/,https://liberating.it/,,https://liberating.it/design-thinking/design-thinking-cycle/per-bisogno/generare-idee/structures/
https://liberating.it/design-thinking/design-thinking-cycle/per-bisogno/prendere-decisioni/privacy-policy/,https://liberating.it/,,https://liberating.it/design-thinking/design-thinking-cycle/per-bisogno/prendere-decisioni/
https://liberating.it/design-thinking/design-thinking-cycle/structures/1-2-4-all/10-principi-fondamentali-liberating-structures/,https://liberating.it/,,https://liberating.it/design-thinking/design-thinking-cycle/structures/1-2-4-all/
https://liberating.it/design-thinking/design-thinking-cycle/termini-di-servizio/structures/1-2-4-all/,https://liberating.it/,,https://liberating.it/design-thinking/design-thinking-cycle/termini-di-servizio/
https://liberating.it/design-thinking/design-thinking-cycle/termini-di-servizio/structures/,https://liberating.it/,,https://liberating.it/design-thinking/design-thinking-cycle/termini-di-servizio/
https://liberating.it/design-thinking/design-thinking-cycle/10-principi-fondamentali-liberating-structures/structures/,https://liberating.it/,,https://liberating.it/design-thinking/design-thinking-cycle/10-principi-fondamentali-liberating-structures/
https://liberating.it/design-thinking/design-thinking-cycle/per-bisogno/generare-idee/structures/structures/,https://liberating.it/,,https://liberating.it/design-thinking/design-thinking-cycle/per-bisogno/generare-idee/structures/
https://liberating.it/design-thinking/design-thinking-cycle/structures/15-solutions/per-bisogno/,https://liberating.it/,,https://liberating.it/design-thinking/design-thinking-cycle/structures/15-solutions/
https://liberating.it/design-thinking/design-thinking-cycle/per-bisogno/generare-idee/termini-di-servizio/per-bisogno/prendere-decisioni/,https://liberating.it/,,https://liberating.it/design-thinking/design-thinking-cycle/per-bisogno/generare-idee/termini-di-servizio/
https://liberating.it/design-thinking/design-thinking-cycle/termini-di-servizio/per-bisogno/prendere-decisioni/,https://liberating.it/,,https://liberating.it/design-thinking/design-thinking-cycle/termini-di-servizio/
https://liberating.it/design-thinking/design-thinking-cycle/structures/complessita/iniziare-subito/per-bisogno/fare-strategia/,https://liberating.it/,,https://liberating.it/design-thinking/design-thinking-cycle/structures/complessita/iniziare-subito/
https://liberating.it/design-thinking/design-thinking-cycle/per-bisogno/structures/,https://liberating.it/,,https://liberating.it/design-thinking/design-thinking-cycle/per-bisogno/
https://liberating.it/design-thinking/design-thinking-cycle/structures/15-solutions/10-principi-fondamentali-liberating-structures/,https://liberating.it/,,https://liberating.it/design-thinking/design-thinking-cycle/structures/15-solutions/
https://liberating.it/design-thinking/design-thinking-cycle/structures/per-bisogno/fare-strategia/privacy-policy/,https://liberating.it/,,https://liberating.it/design-thinking/design-thinking-cycle/structures/per-bisogno/fare-strategia/
https://liberating.it/design-thinking/design-thinking-cycle/structures/1-2-4-all/structures/,https://liberating.it/,,https://liberating.it/design-thinking/design-thinking-cycle/structures/1-2-4-all/
https://liberating.it/design-thinking/design-thinking-cycle/per-bisogno/generare-idee/structures/heard-seen-respected-hsr/,https://liberating.it/,,https://liberating.it/design-thinking/design-thinking-cycle/per-bisogno/generare-idee/
https://liberating.it/design-thinking/design-thinking-cycle/per-bisogno/generare-idee/structures/structures/w3-what-so-what-now-what/,https://liberating.it/,,https://liberating.it/design-thinking/design-thinking-cycle/per-bisogno/generare-idee/structures/
https://liberating.it/design-thinking/design-thinking-cycle/per-bisogno/generare-idee/structures/10-principi-fondamentali-liberating-structures/,https://liberating.it/,,https://liberating.it/design-thinking/design-thinking-cycle/per-bisogno/generare-idee/structures/
https://liberating.it/design-thinking/design-thinking-cycle/per-bisogno/fare-strategia/,https://liberating.it/,,https://liberating.it/design-thinking/design-thinking-cycle/
https://liberating.it/design-thinking/design-thinking-cycle/termini-di-servizio/structures/w3-what-so-what-now-what/,https://liberating.it/,,https://liberating.it/design-thinking/design-thinking-cycle/termini-di-servizio/
https://liberating.it/design-thinking/design-thinking-cycle/per-bisogno/generare-idee/termini-di-servizio/per-bisogno/analizzare-problemi/,https://liberating.it/,,https://liberating.it/design-thinking/design-thinking-cycle/per-bisogno/generare-idee/termini-di-servizio/
https://liberating.it/design-thinking/design-thinking-cycle/per-bisogno/structures/15-solutions/,https://liberating.it/,,https://liberating.it/design-thinking/design-thinking-cycle/per-bisogno/
https://liberating.it/design-thinking/design-thinking-cycle/structures/1-2-4-all/per-bisogno/,https://liberating.it/,,https://liberating.it/design-thinking/design-thinking-cycle/structures/1-2-4-all/
https://liberating.it/design-thinking/design-thinking-cycle/per-bisogno/generare-idee/per-bisogno/generare-idee/,https://liberating.it/,,https://liberating.it/design-thinking/design-thinking-cycle/per-bisogno/generare-idee/
https://liberating.it/design-thinking/design-thinking-cycle/10-principi-fondamentali-liberating-structures/structures/impromptu-networking/,https://liberating.it/,,https://liberating.it/design-thinking/design-thinking-cycle/10-principi-fondamentali-liberating-structures/
https://liberating.it/design-thinking/design-thinking-cycle/per-bisogno/prendere-decisioni/per-bisogno/fare-strategia/,https://liberating.it/,,https://liberating.it/design-thinking/design-thinking-cycle/per-bisogno/prendere-decisioni/
https://liberating.it/design-thinking/design-thinking-cycle/10-principi-fondamentali-liberating-structures/structures/15-solutions/,https://liberating.it/,,https://liberating.it/design-thinking/design-thinking-cycle/10-principi-fondamentali-liberating-structures/
https://liberating.it/design-thinking/design-thinking-cycle/structures/per-bisogno/fare-strategia/per-bisogno/,https://liberating.it/,,https://liberating.it/design-thinking/design-thinking-cycle/structures/per-bisogno/fare-strategia/
https://liberating.it/design-thinking/design-thinking-cycle/per-bisogno/generare-idee/per-bisogno/analizzare-problemi/,https://liberating.it/,,https://liberating.it/design-thinking/design-thinking-cycle/per-bisogno/generare-idee/
https://liberating.it/design-thinking/design-thinking-cycle/termini-di-servizio/per-bisogno/fare-strategia/,https://liberating.it/,,https://liberating.it/design-thinking/design-thinking-cycle/termini-di-servizio/
https://liberating.it/design-thinking/design-thinking-cycle/structures/1-2-4-all/per-bisogno/prendere-decisioni/,https://liberating.it/,,https://liberating.it/design-thinking/design-thinking-cycle/structures/1-2-4-all/
https://liberating.it/design-thinking/design-thinking-cycle/10-principi-fondamentali-liberating-structures/per-bisogno/analizzare-problemi/,https://liberating.it/,,https://liberating.it/design-thinking/design-thinking-cycle/10-principi-fondamentali-liberating-structures/
https://liberating.it/design-thinking/design-thinking-cycle/per-bisogno/generare-idee/termini-di-servizio/complessita/iniziare-subito/,https://liberating.it/,,https://liberating.it/design-thinking/design-thinking-cycle/per-bisogno/generare-idee/termini-di-servizio/
https://liberating.it/design-thinking/design-thinking-cycle/per-bisogno/10-principi-fondamentali-liberating-structures/,https://liberating.it/,,https://liberating.it/design-thinking/design-thinking-cycle/per-bisogno/
https://liberating.it/design-thinking/design-thinking-cycle/10-principi-fondamentali-liberating-structures/per-bisogno/fare-strategia/,https://liberating.it/,,https://liberating.it/design-thinking/design-thinking-cycle/10-principi-fondamentali-liberating-structures/
https://liberating.it/design-thinking/design-thinking-cycle/structures/impromptu-networking/per-bisogno/,https://liberating.it/,,https://liberating.it/design-thinking/design-thinking-cycle/structures/impromptu-networking/
https://liberating.it/design-thinking/design-thinking-cycle/structures/impromptu-networking/per-bisogno/prendere-decisioni/,https://liberating.it/,,https://liberating.it/design-thinking/design-thinking-cycle/structures/impromptu-networking/
https://liberating.it/design-thinking/design-thinking-cycle/structures/15-solutions/per-bisogno/fare-strategia/,https://liberating.it/,,https://liberating.it/design-thinking/design-thinking-cycle/structures/15-solutions/
https://liberating.it/design-thinking/design-thinking-cycle/structures/per-bisogno/fare-strategia/structures/1-2-4-all/,https://liberating.it/,,https://liberating.it/design-thinking/design-thinking-cycle/structures/per-bisogno/fare-strategia/
https://liberating.it/design-thinking/design-thinking-cycle/structures/15-solutions/structures/w3-what-so-what-now-what/,https://liberating.it/,,https://liberating.it/design-thinking/design-thinking-cycle/structures/15-solutions/
https://liberating.it/design-thinking/design-thinking-cycle/per-bisogno/generare-idee/structures/privacy-policy/,https://liberating.it/,,https://liberating.it/design-thinking/design-thinking-cycle/per-bisogno/generare-idee/structures/
https://liberating.it/design-thinking/design-thinking-cycle/structures/privacy-policy/,https://liberating.it/,,https://liberating.it/design-thinking/design-thinking-cycle/structures/
https://liberating.it/design-thinking/design-thinking-cycle/structures/complessita/iniziare-subito/structures/w3-what-so-what-now-what/,https://liberating.it/,,https://liberating.it/design-thinking/design-thinking-cycle/structures/complessita/iniziare-subito/
https://liberating.it/design-thinking/design-thinking-cycle/10-principi-fondamentali-liberating-structures/structures/w3-what-so-what-now-what/,https://liberating.it/,,https://liberating.it/design-thinking/design-thinking-cycle/10-principi-fondamentali-liberating-structures/
https://liberating.it/design-thinking/design-thinking-cycle/per-bisogno/generare-idee/structures/structures/1-2-4-all/,https://liberating.it/,,https://liberating.it/design-thinking/design-thinking-cycle/per-bisogno/generare-idee/structures/
https://liberating.it/design-thinking/design-thinking-cycle/per-bisogno/generare-idee/structures/per-bisogno/analizzare-problemi/,https://liberating.it/,,https://liberating.it/design-thinking/design-thinking-cycle/per-bisogno/generare-idee/structures/
https://liberating.it/design-thinking/design-thinking-cycle/10-principi-fondamentali-liberating-structures/termini-di-servizio/,https://liberating.it/,,https://liberating.it/design-thinking/design-thinking-cycle/10-principi-fondamentali-liberating-structures/
https://liberating.it/design-thinking/design-thinking-cycle/per-bisogno/per-bisogno/fare-strategia/,https://liberating.it/,,https://liberating.it/design-thinking/design-thinking-cycle/per-bisogno/
https://liberating.it/design-thinking/design-thinking-cycle/structures/complessita/iniziare-subito/per-bisogno/analizzare-problemi/,https://liberating.it/,,https://liberating.it/design-thinking/design-thinking-cycle/structures/complessita/iniziare-subito/
https://liberating.it/design-thinking/design-thinking-cycle/per-bisogno/prendere-decisioni/structures/,https://liberating.it/,,https://liberating.it/design-thinking/design-thinking-cycle/per-bisogno/prendere-decisioni/
https://liberating.it/design-thinking/design-thinking-cycle/per-bisogno/generare-idee/complessita/iniziare-subito/,https://liberating.it/,,https://liberating.it/design-thinking/design-thinking-cycle/per-bisogno/generare-idee/
https://liberating.it/design-thinking/design-thinking-cycle/structures/1-2-4-all/per-bisogno/analizzare-problemi/,https://liberating.it/,,https://liberating.it/design-thinking/design-thinking-cycle/structures/1-2-4-all/
https://liberating.it/design-thinking/design-thinking-cycle/per-bisogno/per-bisogno/prendere-decisioni/,https://liberating.it/,,https://liberating.it/design-thinking/design-thinking-cycle/per-bisogno/
https://liberating.it/design-thinking/design-thinking-cycle/termini-di-servizio/structures/heard-seen-respected-hsr/,https://liberating.it/,,https://liberating.it/design-thinking/design-thinking-cycle/termini-di-servizio/
https://liberating.it/design-thinking/design-thinking-cycle/structures/10-principi-fondamentali-liberating-structures/,https://liberating.it/,,https://liberating.it/design-thinking/design-thinking-cycle/structures/
https://liberating.it/design-thinking/design-thinking-cycle/per-bisogno/prendere-decisioni/per-bisogno/,https://liberating.it/,,https://liberating.it/design-thinking/design-thinking-cycle/per-bisogno/prendere-decisioni/
https://liberating.it/design-thinking/design-thinking-cycle/complessita/iniziare-subito/,https://liberating.it/,,https://liberating.it/design-thinking/design-thinking-cycle/
https://liberating.it/design-thinking/design-thinking-cycle/per-bisogno/structures/impromptu-networking/,https://liberating.it/,,https://liberating.it/design-thinking/design-thinking-cycle/per-bisogno/
https://liberating.it/design-thinking/design-thinking-cycle/per-bisogno/generare-idee/termini-di-servizio/structures/,https://liberating.it/,,https://liberating.it/design-thinking/design-thinking-cycle/per-bisogno/generare-idee/termini-di-servizio/
https://liberating.it/design-thinking/design-thinking-cycle/structures/w3-what-so-what-now-what/per-bisogno/fare-strategia/,https://liberating.it/,,https://liberating.it/design-thinking/design-thinking-cycle/structures/w3-what-so-what-now-what/
https://liberating.it/design-thinking/design-thinking-cycle/per-bisogno/generare-idee/per-bisogno/prendere-decisioni/,https://liberating.it/,,https://liberating.it/design-thinking/design-thinking-cycle/per-bisogno/generare-idee/
https://liberating.it/design-thinking/design-thinking-cycle/per-bisogno/structures/heard-seen-respected-hsr/,https://liberating.it/,,https://liberating.it/design-thinking/design-thinking-cycle/per-bisogno/
https://liberating.it/design-thinking/design-thinking-cycle/per-bisogno/prendere-decisioni/termini-di-servizio/,https://liberating.it/,,https://liberating.it/design-thinking/design-thinking-cycle/per-bisogno/prendere-decisioni/
https://liberating.it/design-thinking/design-thinking-cycle/structures/impromptu-networking/termini-di-servizio/,https://liberating.it/,,https://liberating.it/design-thinking/design-thinking-cycle/structures/impromptu-networking/
https://liberating.it/design-thinking/design-thinking-cycle/structures/15-solutions/structures/15-solutions/,https://liberating.it/,,https://liberating.it/design-thinking/design-thinking-cycle/structures/15-solutions/
https://liberating.it/design-thinking/design-thinking-cycle/structures/w3-what-so-what-now-what/termini-di-servizio/,https://liberating.it/,,https://liberating.it/design-thinking/design-thinking-cycle/structures/w3-what-so-what-now-what/
https://liberating.it/design-thinking/design-thinking-cycle/structures/15-solutions/structures/,https://liberating.it/,,https://liberating.it/design-thinking/design-thinking-cycle/structures/15-solutions/
https://liberating.it/design-thinking/design-thinking-cycle/structures/w3-what-so-what-now-what/structures/impromptu-networking/,https://liberating.it/,,https://liberating.it/design-thinking/design-thinking-cycle/structures/w3-what-so-what-now-what/
https://liberating.it/design-thinking/design-thinking-cycle/per-bisogno/generare-idee/termini-di-servizio/privacy-policy/,https://liberating.it/,,https://liberating.it/design-thinking/design-thinking-cycle/per-bisogno/generare-idee/termini-di-servizio/
https://liberating.it/design-thinking/design-thinking-cycle/per-bisogno/generare-idee/termini-di-servizio/termini-di-servizio/,https://liberating.it/,,https://liberating.it/design-thinking/design-thinking-cycle/per-bisogno/generare-idee/termini-di-servizio/
https://liberating.it/design-thinking/design-thinking-cycle/structures/per-bisogno/fare-strategia/structures/15-solutions/,https://liberating.it/,,https://liberating.it/design-thinking/design-thinking-cycle/structures/per-bisogno/fare-strategia/
https://liberating.it/design-thinking/design-thinking-cycle/10-principi-fondamentali-liberating-structures/per-bisogno/generare-idee/,https://liberating.it/,,https://liberating.it/design-thinking/design-thinking-cycle/10-principi-fondamentali-liberating-structures/
https://liberating.it/design-thinking/design-thinking-cycle/per-bisogno/prendere-decisioni/per-bisogno/generare-idee/,https://liberating.it/,,https://liberating.it/design-thinking/design-thinking-cycle/per-bisogno/prendere-decisioni/
https://liberating.it/design-thinking/design-thinking-cycle/termini-di-servizio/per-bisogno/analizzare-problemi/,https://liberating.it/,,https://liberating.it/design-thinking/design-thinking-cycle/termini-di-servizio/
https://liberating.it/design-thinking/design-thinking-cycle/per-bisogno/generare-idee/10-principi-fondamentali-liberating-structures/,https://liberating.it/,,https://liberating.it/design-thinking/design-thinking-cycle/per-bisogno/generare-idee/
https://liberating.it/design-thinking/design-thinking-cycle/per-bisogno/structures/w3-what-so-what-now-what/,https://liberating.it/,,https://liberating.it/design-thinking/design-thinking-cycle/per-bisogno/
https://liberating.it/design-thinking/design-thinking-cycle/structures/1-2-4-all/structures/1-2-4-all/,https://liberating.it/,,https://liberating.it/design-thinking/design-thinking-cycle/structures/1-2-4-all/
https://liberating.it/design-thinking/design-thinking-cycle/per-bisogno/generare-idee/privacy-policy/,https://liberating.it/,,https://liberating.it/design-thinking/design-thinking-cycle/per-bisogno/generare-idee/
https://liberating.it/design-thinking/design-thinking-cycle/termini-di-servizio/structures/impromptu-networking/,https://liberating.it/,,https://liberating.it/design-thinking/design-thinking-cycle/termini-di-servizio/
https://liberating.it/design-thinking/design-thinking-cycle/structures/per-bisogno/fare-strategia/structures/heard-seen-respected-hsr/,https://liberating.it/,,https://liberating.it/design-thinking/design-thinking-cycle/structures/per-bisogno/fare-strategia/
https://liberating.it/design-thinking/design-thinking-cycle/per-bisogno/generare-idee/termini-di-servizio/per-bisogno/fare-strategia/,https://liberating.it/,,https://liberating.it/design-thinking/design-thinking-cycle/per-bisogno/generare-idee/termini-di-servizio/
https://liberating.it/design-thinking/design-thinking-cycle/structures/impromptu-networking/complessita/iniziare-subito/,https://liberating.it/,,https://liberating.it/design-thinking/design-thinking-cycle/structures/impromptu-networking/
https://liberating.it/design-thinking/design-thinking-cycle/structures/structures/15-solutions/,https://liberating.it/,,https://liberating.it/design-thinking/design-thinking-cycle/structures/
https://liberating.it/design-thinking/design-thinking-cycle/structures/w3-what-so-what-now-what/structures/15-solutions/,https://liberating.it/,,https://liberating.it/design-thinking/design-thinking-cycle/structures/w3-what-so-what-now-what/
https://liberating.it/design-thinking/design-thinking-cycle/per-bisogno/generare-idee/structures/structures/heard-seen-respected-hsr/,https://liberating.it/,,https://liberating.it/design-thinking/design-thinking-cycle/per-bisogno/generare-idee/structures/
https://liberating.it/design-thinking/design-thinking-cycle/per-bisogno/generare-idee/structures/structures/15-solutions/,https://liberating.it/,,https://liberating.it/design-thinking/design-thinking-cycle/per-bisogno/generare-idee/structures/
https://liberating.it/design-thinking/design-thinking-cycle/10-principi-fondamentali-liberating-structures/per-bisogno/,https://liberating.it/,,https://liberating.it/design-thinking/design-thinking-cycle/10-principi-fondamentali-liberating-structures/
https://liberating.it/design-thinking/design-thinking-cycle/per-bisogno/generare-idee/structures/structures/impromptu-networking/,https://liberating.it/,,https://liberating.it/design-thinking/design-thinking-cycle/per-bisogno/generare-idee/structures/
https://liberating.it/design-thinking/design-thinking-cycle/structures/1-2-4-all/structures/impromptu-networking/,https://liberating.it/,,https://liberating.it/design-thinking/design-thinking-cycle/structures/1-2-4-all/
https://liberating.it/design-thinking/design-thinking-cycle/structures/impromptu-networking/structures/heard-seen-respected-hsr/,https://liberating.it/,,https://liberating.it/design-thinking/design-thinking-cycle/structures/impromptu-networking/
https://liberating.it/design-thinking/design-thinking-cycle/structures/w3-what-so-what-now-what/structures/heard-seen-respected-hsr/,https://liberating.it/,,https://liberating.it/design-thinking/design-thinking-cycle/structures/w3-what-so-what-now-what/
https://liberating.it/design-thinking/design-thinking-cycle/structures/1-2-4-all/structures/15-solutions/,https://liberating.it/,,https://liberating.it/design-thinking/design-thinking-cycle/structures/1-2-4-all/
https://liberating.it/design-thinking/design-thinking-cycle/structures/complessita/iniziare-subito/per-bisogno/prendere-decisioni/,https://liberating.it/,,https://liberating.it/design-thinking/design-thinking-cycle/structures/complessita/iniziare-subito/
https://liberating.it/design-thinking/design-thinking-cycle/per-bisogno/generare-idee/structures/per-bisogno/,https://liberating.it/,,https://liberating.it/design-thinking/design-thinking-cycle/per-bisogno/generare-idee/structures/
https://liberating.it/design-thinking/design-thinking-cycle/structures/complessita/iniziare-subito/structures/impromptu-networking/,https://liberating.it/,,https://liberating.it/design-thinking/design-thinking-cycle/structures/complessita/iniziare-subito/
https://liberating.it/design-thinking/design-thinking-cycle/per-bisogno/generare-idee/structures/complessita/iniziare-subito/,https://liberating.it/,,https://liberating.it/design-thinking/design-thinking-cycle/per-bisogno/generare-idee/structures/
https://liberating.it/design-thinking/design-thinking-cycle/per-bisogno/generare-idee/termini-di-servizio/structures/w3-what-so-what-now-what/,https://liberating.it/,,https://liberating.it/design-thinking/design-thinking-cycle/per-bisogno/generare-idee/termini-di-servizio/
https://liberating.it/design-thinking/design-thinking-cycle/structures/w3-what-so-what-now-what/per-bisogno/generare-idee/,https://liberating.it/,,https://liberating.it/design-thinking/design-thinking-cycle/structures/w3-what-so-what-now-what/
https://liberating.it/design-thinking/design-thinking-cycle/structures/1-2-4-all/structures/w3-what-so-what-now-what/,https://liberating.it/,,https://liberating.it/design-thinking/design-thinking-cycle/structures/1-2-4-all/
https://liberating.it/design-thinking/design-thinking-cycle/per-bisogno/generare-idee/structures/per-bisogno/prendere-decisioni/,https://liberating.it/,,https://liberating.it/design-thinking/design-thinking-cycle/per-bisogno/generare-idee/structures/
https://liberating.it/design-thinking/design-thinking-cycle/structures/per-bisogno/fare-strategia/structures/impromptu-networking/,https://liberating.it/,,https://liberating.it/design-thinking/design-thinking-cycle/structures/per-bisogno/fare-strategia/
https://liberating.it/design-thinking/design-thinking-cycle/per-bisogno/generare-idee/structures/per-bisogno/fare-strategia/,https://liberating.it/,,https://liberating.it/design-thinking/design-thinking-cycle/per-bisogno/generare-idee/structures/
https://liberating.it/design-thinking/design-thinking-cycle/structures/w3-what-so-what-now-what/privacy-policy/,https://liberating.it/,,https://liberating.it/design-thinking/design-thinking-cycle/structures/w3-what-so-what-now-what/
https://liberating.it/design-thinking/design-thinking-cycle/structures/structures/1-2-4-all/,https://liberating.it/,,https://liberating.it/design-thinking/design-thinking-cycle/structures/
https://liberating.it/design-thinking/design-thinking-cycle/structures/per-bisogno/fare-strategia/complessita/iniziare-subito/,https://liberating.it/,,https://liberating.it/design-thinking/design-thinking-cycle/structures/per-bisogno/fare-strategia/
https://liberating.it/design-thinking/design-thinking-cycle/10-principi-fondamentali-liberating-structures/10-principi-fondamentali-liberating-structures/,https://liberating.it/,,https://liberating.it/design-thinking/design-thinking-cycle/10-principi-fondamentali-liberating-structures/
https://liberating.it/design-thinking/design-thinking-cycle/10-principi-fondamentali-liberating-structures/structures/1-2-4-all/,https://liberating.it/,,https://liberating.it/design-thinking/design-thinking-cycle/10-principi-fondamentali-liberating-structures/
https://liberating.it/design-thinking/design-thinking-cycle/termini-di-servizio/per-bisogno/generare-idee/,https://liberating.it/,,https://liberating.it/design-thinking/design-thinking-cycle/termini-di-servizio/
https://liberating.it/design-thinking/design-thinking-cycle/structures/complessita/iniziare-subito/structures/15-solutions/,https://liberating.it/,,https://liberating.it/design-thinking/design-thinking-cycle/structures/complessita/iniziare-subito/
https://liberating.it/design-thinking/design-thinking-cycle/structures/per-bisogno/fare-strategia/structures/,https://liberating.it/,,https://liberating.it/design-thinking/design-thinking-cycle/structures/per-bisogno/fare-strategia/
https://liberating.it/design-thinking/design-thinking-cycle/structures/15-solutions/termini-di-servizio/,https://liberating.it/,,https://liberating.it/design-thinking/design-thinking-cycle/structures/15-solutions/
https://liberating.it/design-thinking/design-thinking-cycle/structures/1-2-4-all/structures/heard-seen-respected-hsr/,https://liberating.it/,,https://liberating.it/design-thinking/design-thinking-cycle/structures/1-2-4-all/
https://liberating.it/design-thinking/design-thinking-cycle/10-principi-fondamentali-liberating-structures/complessita/iniziare-subito/,https://liberating.it/,,https://liberating.it/design-thinking/design-thinking-cycle/10-principi-fondamentali-liberating-structures/
https://liberating.it/design-thinking/design-thinking-cycle/termini-di-servizio/10-principi-fondamentali-liberating-structures/,https://liberating.it/,,https://liberating.it/design-thinking/design-thinking-cycle/termini-di-servizio/
https://liberating.it/design-thinking/design-thinking-cycle/structures/per-bisogno/generare-idee/,https://liberating.it/,,https://liberating.it/design-thinking/design-thinking-cycle/structures/
https://liberating.it/design-thinking/design-thinking-cycle/per-bisogno/generare-idee/structures/1-2-4-all/,https://liberating.it/,,https://liberating.it/design-thinking/design-thinking-cycle/per-bisogno/generare-idee/
https://liberating.it/design-thinking/design-thinking-cycle/per-bisogno/per-bisogno/,https://liberating.it/,,https://liberating.it/design-thinking/design-thinking-cycle/per-bisogno/
https://liberating.it/design-thinking/design-thinking-cycle/structures/per-bisogno/fare-strategia/10-principi-fondamentali-liberating-structures/,https://liberating.it/,,https://liberating.it/design-thinking/design-thinking-cycle/structures/per-bisogno/fare-strategia/
https://liberating.it/design-thinking/design-thinking-cycle/structures/heard-seen-respected-hsr/,https://liberating.it/,,https://liberating.it/design-thinking/design-thinking-cycle/
https://liberating.it/design-thinking/design-thinking-cycle/structures/complessita/iniziare-subito/complessita/iniziare-subito/,https://liberating.it/,,https://liberating.it/design-thinking/design-thinking-cycle/structures/complessita/iniziare-subito/
https://liberating.it/design-thinking/design-thinking-cycle/structures/per-bisogno/fare-strategia/per-bisogno/prendere-decisioni/,https://liberating.it/,,https://liberating.it/design-thinking/design-thinking-cycle/structures/per-bisogno/fare-strategia/
https://liberating.it/design-thinking/design-thinking-cycle/structures/15-solutions/structures/impromptu-networking/,https://liberating.it/,,https://liberating.it/design-thinking/design-thinking-cycle/structures/15-solutions/
https://liberating.it/design-thinking/design-thinking-cycle/structures/per-bisogno/fare-strategia/per-bisogno/generare-idee/,https://liberating.it/,,https://liberating.it/design-thinking/design-thinking-cycle/structures/per-bisogno/fare-strategia/
https://liberating.it/design-thinking/design-thinking-cycle/per-bisogno/prendere-decisioni/per-bisogno/prendere-decisioni/,https://liberating.it/,,https://liberating.it/design-thinking/design-thinking-cycle/per-bisogno/prendere-decisioni/
https://liberating.it/design-thinking/design-thinking-cycle/structures/w3-what-so-what-now-what/per-bisogno/prendere-decisioni/,https://liberating.it/,,https://liberating.it/design-thinking/design-thinking-cycle/structures/w3-what-so-what-now-what/
https://liberating.it/design-thinking/design-thinking-cycle/termini-di-servizio/structures/15-solutions/,https://liberating.it/,,https://liberating.it/design-thinking/design-thinking-cycle/termini-di-servizio/
https://liberating.it/design-thinking/design-thinking-cycle/structures/w3-what-so-what-now-what/structures/w3-what-so-what-now-what/,https://liberating.it/,,https://liberating.it/design-thinking/design-thinking-cycle/structures/w3-what-so-what-now-what/
https://liberating.it/design-thinking/design-thinking-cycle/structures/impromptu-networking/per-bisogno/generare-idee/,https://liberating.it/,,https://liberating.it/design-thinking/design-thinking-cycle/structures/impromptu-networking/
https://liberating.it/design-thinking/design-thinking-cycle/structures/1-2-4-all/privacy-policy/,https://liberating.it/,,https://liberating.it/design-thinking/design-thinking-cycle/structures/1-2-4-all/
https://liberating.it/design-thinking/design-thinking-cycle/structures/complessita/iniziare-subito/termini-di-servizio/,https://liberating.it/,,https://liberating.it/design-thinking/design-thinking-cycle/structures/complessita/iniziare-subito/
https://liberating.it/design-thinking/design-thinking-cycle/structures/impromptu-networking/structures/impromptu-networking/,https://liberating.it/,,https://liberating.it/design-thinking/design-thinking-cycle/structures/impromptu-networking/
https://liberating.it/design-thinking/design-thinking-cycle/structures/complessita/iniziare-subito/structures/1-2-4-all/,https://liberating.it/,,https://liberating.it/design-thinking/design-thinking-cycle/structures/complessita/iniziare-subito/
https://liberating.it/design-thinking/design-thinking-cycle/per-bisogno/generare-idee/per-bisogno/,https://liberating.it/,,https://liberating.it/design-thinking/design-thinking-cycle/per-bisogno/generare-idee/
https://liberating.it/design-thinking/design-thinking-cycle/structures/w3-what-so-what-now-what/structures/1-2-4-all/,https://liberating.it/,,https://liberating.it/design-thinking/design-thinking-cycle/structures/w3-what-so-what-now-what/
https://liberating.it/design-thinking/design-thinking-cycle/structures/per-bisogno/fare-strategia/structures/w3-what-so-what-now-what/,https://liberating.it/,,https://liberating.it/design-thinking/design-thinking-cycle/structures/per-bisogno/fare-strategia/
https://liberating.it/design-thinking/design-thinking-cycle/per-bisogno/per-bisogno/analizzare-problemi/,https://liberating.it/,,https://liberating.it/design-thinking/design-thinking-cycle/per-bisogno/
https://liberating.it/design-thinking/design-thinking-cycle/per-bisogno/generare-idee/termini-di-servizio/structures/heard-seen-respected-hsr/,https://liberating.it/,,https://liberating.it/design-thinking/design-thinking-cycle/per-bisogno/generare-idee/termini-di-servizio/
https://liberating.it/design-thinking/design-thinking-cycle/structures/per-bisogno/prendere-decisioni/,https://liberating.it/,,https://liberating.it/design-thinking/design-thinking-cycle/structures/
https://liberating.it/design-thinking/design-thinking-cycle/structures/15-solutions/structures/heard-seen-respected-hsr/,https://liberating.it/,,https://liberating.it/design-thinking/design-thinking-cycle/structures/15-solutions/
https://liberating.it/10-principi-fondamentali-liberating-structures/,https://liberating.it/10-principi-fondamentali-liberating-structures/,,https://liberating.it/
https://liberating.it/complessita/facilitazioni-complesse/,https://liberating.it/complessita/facilitazioni-complesse/,,https://liberating.it/structures/improv-prototyping/
https://liberating.it/complessita/iniziare-subito/,https://liberating.it/complessita/iniziare-subito/,,https://liberating.it/
https://liberating.it/complessita/team-rodati/,https://liberating.it/complessita/team-rodati/,,https://liberating.it/structures/appreciative-interviews-ai/
https://liberating.it/complessita/trasformazioni-organizzative/,https://liberating.it/complessita/trasformazioni-organizzative/,,https://liberating.it/structures/user-experience-fishbowl/
https://liberating.it/design-thinking/define/,https://liberating.it/design-thinking/define/,,https://liberating.it/structures/w3-what-so-what-now-what/
https://liberating.it/design-thinking/empathize/,https://liberating.it/design-thinking/empathize/,,https://liberating.it/structures/heard-seen-respected-hsr/
https://liberating.it/design-thinking/ideate/,https://liberating.it/design-thinking/ideate/,,https://liberating.it/structures/15-solutions/
https://liberating.it/design-thinking/prototype/,https://liberating.it/design-thinking/prototype/,,https://liberating.it/structures/improv-prototyping/
https://liberating.it/design-thinking/test/,https://liberating.it/design-thinking/test/,,https://liberating.it/structures/troika-consulting/
https://liberating.it/difficolta/avanzata/,https://liberating.it/difficolta/avanzata/,,https://liberating.it/structures/
https://liberating.it/difficolta/facile/,https://liberating.it/difficolta/facile/,,https://liberating.it/structures/heard-seen-respected-hsr/
https://liberating.it/difficolta/intermedia/,https://liberating.it/difficolta/intermedia/,,https://liberating.it/per-bisogno/fare-strategia/
https://liberating.it/durata/breve/,https://liberating.it/durata/breve/,,https://liberating.it/per-bisogno/generare-idee/
https://liberating.it/durata/estesa/,https://liberating.it/durata/estesa/,,https://liberating.it/per-bisogno/fare-strategia/
https://liberating.it/durata/media/,https://liberating.it/durata/media/,,https://liberating.it/structures/heard-seen-respected-hsr/
https://liberating.it/durata/workshop/,https://liberating.it/durata/workshop/,,https://liberating.it/structures/panarchy/
https://liberating.it/per-bisogno/,https://liberating.it/per-bisogno/,,https://liberating.it/
https://liberating.it/per-bisogno/analizzare-problemi/,https://liberating.it/per-bisogno/analizzare-problemi/,,https://liberating.it/
https://liberating.it/per-bisogno/fare-strategia/,https://liberating.it/per-bisogno/fare-strategia/,,https://liberating.it/
https://liberating.it/per-bisogno/generare-idee/,https://liberating.it/per-bisogno/generare-idee/,,https://liberating.it/
https://liberating.it/per-bisogno/prendere-decisioni/,https://liberating.it/per-bisogno/prendere-decisioni/,,https://liberating.it/
https://liberating.it/privacy-policy/,https://liberating.it/privacy-policy/,,https://liberating.it/
https://liberating.it/structures/,https://liberating.it/structures/,,https://liberating.it/
https://liberating.it/structures/1-2-4-all/,https://liberating.it/structures/1-2-4-all/,,https://liberating.it/
https://liberating.it/structures/15-solutions/,https://liberating.it/structures/15-solutions/,,https://liberating.it/
https://liberating.it/structures/25-10-crowd-sourcing/,https://liberating.it/structures/25-10-crowd-sourcing/,,https://liberating.it/10-principi-fondamentali-liberating-structures/
https://liberating.it/structures/4-2-1-storming/,https://liberating.it/structures/4-2-1-storming/,,https://liberating.it/per-bisogno/generare-idee/
https://liberating.it/structures/9-whys/,https://liberating.it/structures/9-whys/,,https://liberating.it/10-principi-fondamentali-liberating-structures/
https://liberating.it/structures/agreement-certainty-matrix/,https://liberating.it/structures/agreement-certainty-matrix/,,https://liberating.it/structures/
https://liberating.it/structures/appreciative-interviews-ai/,https://liberating.it/structures/appreciative-interviews-ai/,,https://liberating.it/10-principi-fondamentali-liberating-structures/
https://liberating.it/structures/celebrity-interview/,https://liberating.it/structures/celebrity-interview/,,https://liberating.it/design-thinking/empathize/
https://liberating.it/structures/conversation-cafe/,https://liberating.it/structures/conversation-cafe/,,https://liberating.it/10-principi-fondamentali-liberating-structures/
https://liberating.it/structures/critical-uncertainties/,https://liberating.it/structures/critical-uncertainties/,,https://liberating.it/per-bisogno/fare-strategia/
https://liberating.it/structures/design-storyboards/,https://liberating.it/structures/design-storyboards/,,https://liberating.it/structures/
https://liberating.it/structures/discovery-action-dialogue-dad/,https://liberating.it/structures/discovery-action-dialogue-dad/,,https://liberating.it/structures/w3-what-so-what-now-what/
https://liberating.it/structures/drawing-together/,https://liberating.it/structures/drawing-together/,,https://liberating.it/structures/
https://liberating.it/structures/ecocycle-planning/,https://liberating.it/structures/ecocycle-planning/,,https://liberating.it/structures/
https://liberating.it/structures/heard-seen-respected-hsr/,https://liberating.it/structures/heard-seen-respected-hsr/,,https://liberating.it/
https://liberating.it/structures/helping-heuristics/,https://liberating.it/structures/helping-heuristics/,,https://liberating.it/complessita/iniziare-subito/
https://liberating.it/structures/impromptu-networking/,https://liberating.it/structures/impromptu-networking/,,https://liberating.it/
https://liberating.it/structures/improv-prototyping/,https://liberating.it/structures/improv-prototyping/,,https://liberating.it/structures/
https://liberating.it/structures/integrated-autonomy/,https://liberating.it/structures/integrated-autonomy/,,https://liberating.it/structures/
https://liberating.it/structures/liquid-courage/,https://liberating.it/structures/liquid-courage/,,https://liberating.it/complessita/iniziare-subito/
https://liberating.it/structures/mad-love/,https://liberating.it/structures/mad-love/,,https://liberating.it/design-thinking/empathize/
https://liberating.it/structures/mad-tea/,https://liberating.it/structures/mad-tea/,,https://liberating.it/design-thinking/empathize/
https://liberating.it/structures/min-specs/,https://liberating.it/structures/min-specs/,,https://liberating.it/10-principi-fondamentali-liberating-structures/
https://liberating.it/structures/open-space-technology-ost/,https://liberating.it/structures/open-space-technology-ost/,,https://liberating.it/per-bisogno/fare-strategia/
https://liberating.it/structures/panarchy/,https://liberating.it/structures/panarchy/,,https://liberating.it/structures/
https://liberating.it/structures/pixies-reflection/,https://liberating.it/structures/pixies-reflection/,,https://liberating.it/structures/
https://liberating.it/structures/purpose-to-practice-p2p/,https://liberating.it/structures/purpose-to-practice-p2p/,,https://liberating.it/per-bisogno/fare-strategia/
https://liberating.it/structures/shift-share/,https://liberating.it/structures/shift-share/,,https://liberating.it/structures/
https://liberating.it/structures/simple-ethnography/,https://liberating.it/structures/simple-ethnography/,,https://liberating.it/design-thinking/empathize/
https://liberating.it/structures/social-network-webbing/,https://liberating.it/structures/social-network-webbing/,,https://liberating.it/structures/
https://liberating.it/structures/talking-with-pixies/,https://liberating.it/structures/talking-with-pixies/,,https://liberating.it/structures/
https://liberating.it/structures/tiny-demons/,https://liberating.it/structures/tiny-demons/,,https://liberating.it/design-thinking/empathize/
https://liberating.it/structures/triz/,https://liberating.it/structures/triz/,,https://liberating.it/10-principi-fondamentali-liberating-structures/
https://liberating.it/structures/troika-consulting/,https://liberating.it/structures/troika-consulting/,,https://liberating.it/structures/heard-seen-respected-hsr/
https://liberating.it/structures/user-experience-fishbowl/,https://liberating.it/structures/user-experience-fishbowl/,,https://liberating.it/10-principi-fondamentali-liberating-structures/
https://liberating.it/structures/w3-what-so-what-now-what/,https://liberating.it/structures/w3-what-so-what-now-what/,,https://liberating.it/
https://liberating.it/structures/what-i-need-from-you-winfy/,https://liberating.it/structures/what-i-need-from-you-winfy/,,https://liberating.it/structures/
https://liberating.it/structures/wicked-questions/,https://liberating.it/structures/wicked-questions/,,https://liberating.it/structures/
https://liberating.it/structures/wise-crowds/,https://liberating.it/structures/wise-crowds/,,https://liberating.it/structures/
https://liberating.it/termini-di-servizio/,https://liberating.it/termini-di-servizio/,,https://liberating.it/
