URL,Title,Length,Found in
https://liberating.it/,"Liberating Structures in italiano | Liberating.it",49
https://liberating.it/10-principi-fondamentali-liberating-structures/,"10 principi per facilitare senza imporre | Liberating.it",56,https://liberating.it/
https://liberating.it/complessita/facilitazioni-complesse/,"Per facilitazioni complesse | Liberating.it",43,https://liberating.it/structures/improv-prototyping/
https://liberating.it/complessita/iniziare-subito/,"Liberating Structures per iniziare subito | Liberating.it",57,https://liberating.it/
https://liberating.it/complessita/team-rodati/,"Liberating Structures per team rodati | Liberating.it",53,https://liberating.it/structures/appreciative-interviews-ai/
https://liberating.it/complessita/trasformazioni-organizzative/,"Per trasformazioni organizzative | Liberating.it",48,https://liberating.it/structures/user-experience-fishbowl/
https://liberating.it/design-thinking/define/,"Definire | Liberating.it",24,https://liberating.it/structures/w3-what-so-what-now-what/
https://liberating.it/design-thinking/design-thinking-cycle/,"Liberating Structures in italiano | Liberating.it",49,https://liberating.it/structures/panarchy/
https://liberating.it/design-thinking/design-thinking-cycle/10-principi-fondamentali-liberating-structures/,"Liberating Structures in italiano | Liberating.it",49,https://liberating.it/design-thinking/design-thinking-cycle/
https://liberating.it/design-thinking/design-thinking-cycle/10-principi-fondamentali-liberating-structures/10-principi-fondamentali-liberating-structures/,"Liberating Structures in italiano | Liberating.it",49,https://liberating.it/design-thinking/design-thinking-cycle/10-principi-fondamentali-liberating-structures/
https://liberating.it/design-thinking/design-thinking-cycle/10-principi-fondamentali-liberating-structures/complessita/iniziare-subito/,"Liberating Structures in italiano | Liberating.it",49,https://liberating.it/design-thinking/design-thinking-cycle/10-principi-fondamentali-liberating-structures/
https://liberating.it/design-thinking/design-thinking-cycle/10-principi-fondamentali-liberating-structures/per-bisogno/,"Liberating Structures in italiano | Liberating.it",49,https://liberating.it/design-thinking/design-thinking-cycle/10-principi-fondamentali-liberating-structures/
https://liberating.it/design-thinking/design-thinking-cycle/10-principi-fondamentali-liberating-structures/per-bisogno/analizzare-problemi/,"Liberating Structures in italiano | Liberating.it",49,https://liberating.it/design-thinking/design-thinking-cycle/10-principi-fondamentali-liberating-structures/
https://liberating.it/design-thinking/design-thinking-cycle/10-principi-fondamentali-liberating-structures/per-bisogno/fare-strategia/,"Liberating Structures in italiano | Liberating.it",49,https://liberating.it/design-thinking/design-thinking-cycle/10-principi-fondamentali-liberating-structures/
https://liberating.it/design-thinking/design-thinking-cycle/10-principi-fondamentali-liberating-structures/per-bisogno/generare-idee/,"Liberating Structures in italiano | Liberating.it",49,https://liberating.it/design-thinking/design-thinking-cycle/10-principi-fondamentali-liberating-structures/
https://liberating.it/design-thinking/design-thinking-cycle/10-principi-fondamentali-liberating-structures/per-bisogno/prendere-decisioni/,"Liberating Structures in italiano | Liberating.it",49,https://liberating.it/design-thinking/design-thinking-cycle/10-principi-fondamentali-liberating-structures/
https://liberating.it/design-thinking/design-thinking-cycle/10-principi-fondamentali-liberating-structures/privacy-policy/,"Liberating Structures in italiano | Liberating.it",49,https://liberating.it/design-thinking/design-thinking-cycle/10-principi-fondamentali-liberating-structures/
https://liberating.it/design-thinking/design-thinking-cycle/10-principi-fondamentali-liberating-structures/structures/,"Liberating Structures in italiano | Liberating.it",49,https://liberating.it/design-thinking/design-thinking-cycle/10-principi-fondamentali-liberating-structures/
https://liberating.it/design-thinking/design-thinking-cycle/10-principi-fondamentali-liberating-structures/structures/1-2-4-all/,"Liberating Structures in italiano | Liberating.it",49,https://liberating.it/design-thinking/design-thinking-cycle/10-principi-fondamentali-liberating-structures/
https://liberating.it/design-thinking/design-thinking-cycle/10-principi-fondamentali-liberating-structures/structures/15-solutions/,"Liberating Structures in italiano | Liberating.it",49,https://liberating.it/design-thinking/design-thinking-cycle/10-principi-fondamentali-liberating-structures/
https://liberating.it/design-thinking/design-thinking-cycle/10-principi-fondamentali-liberating-structures/structures/heard-seen-respected-hsr/,"Liberating Structures in italiano | Liberating.it",49,https://liberating.it/design-thinking/design-thinking-cycle/10-principi-fondamentali-liberating-structures/
https://liberating.it/design-thinking/design-thinking-cycle/10-principi-fondamentali-liberating-structures/structures/impromptu-networking/,"Liberating Structures in italiano | Liberating.it",49,https://liberating.it/design-thinking/design-thinking-cycle/10-principi-fondamentali-liberating-structures/
https://liberating.it/design-thinking/design-thinking-cycle/10-principi-fondamentali-liberating-structures/structures/w3-what-so-what-now-what/,"Liberating Structures in italiano | Liberating.it",49,https://liberating.it/design-thinking/design-thinking-cycle/10-principi-fondamentali-liberating-structures/
https://liberating.it/design-thinking/design-thinking-cycle/10-principi-fondamentali-liberating-structures/termini-di-servizio/,"Liberating Structures in italiano | Liberating.it",49,https://liberating.it/design-thinking/design-thinking-cycle/10-principi-fondamentali-liberating-structures/
https://liberating.it/design-thinking/design-thinking-cycle/complessita/iniziare-subito/,"Liberating Structures in italiano | Liberating.it",49,https://liberating.it/design-thinking/design-thinking-cycle/
https://liberating.it/design-thinking/design-thinking-cycle/per-bisogno/,"Liberating Structures in italiano | Liberating.it",49,https://liberating.it/design-thinking/design-thinking-cycle/
https://liberating.it/design-thinking/design-thinking-cycle/per-bisogno/10-principi-fondamentali-liberating-structures/,"Liberating Structures in italiano | Liberating.it",49,https://liberating.it/design-thinking/design-thinking-cycle/per-bisogno/
https://liberating.it/design-thinking/design-thinking-cycle/per-bisogno/analizzare-problemi/,"Liberating Structures in italiano | Liberating.it",49,https://liberating.it/design-thinking/design-thinking-cycle/
https://liberating.it/design-thinking/design-thinking-cycle/per-bisogno/complessita/iniziare-subito/,"Liberating Structures in italiano | Liberating.it",49,https://liberating.it/design-thinking/design-thinking-cycle/per-bisogno/
https://liberating.it/design-thinking/design-thinking-cycle/per-bisogno/fare-strategia/,"Liberating Structures in italiano | Liberating.it",49,https://liberating.it/design-thinking/design-thinking-cycle/
https://liberating.it/design-thinking/design-thinking-cycle/per-bisogno/generare-idee/,"Liberating Structures in italiano | Liberating.it",49,https://liberating.it/design-thinking/design-thinking-cycle/
https://liberating.it/design-thinking/design-thinking-cycle/per-bisogno/generare-idee/10-principi-fondamentali-liberating-structures/,"Liberating Structures in italiano | Liberating.it",49,https://liberating.it/design-thinking/design-thinking-cycle/per-bisogno/generare-idee/
https://liberating.it/design-thinking/design-thinking-cycle/per-bisogno/generare-idee/complessita/iniziare-subito/,"Liberating Structures in italiano | Liberating.it",49,https://liberating.it/design-thinking/design-thinking-cycle/per-bisogno/generare-idee/
https://liberating.it/design-thinking/design-thinking-cycle/per-bisogno/generare-idee/per-bisogno/,"Liberating Structures in italiano | Liberating.it",49,https://liberating.it/design-thinking/design-thinking-cycle/per-bisogno/generare-idee/
https://liberating.it/design-thinking/design-thinking-cycle/per-bisogno/generare-idee/per-bisogno/analizzare-problemi/,"Liberating Structures in italiano | Liberating.it",49,https://liberating.it/design-thinking/design-thinking-cycle/per-bisogno/generare-idee/
https://liberating.it/design-thinking/design-thinking-cycle/per-bisogno/generare-idee/per-bisogno/fare-strategia/,"Liberating Structures in italiano | Liberating.it",49,https://liberating.it/design-thinking/design-thinking-cycle/per-bisogno/generare-idee/
https://liberating.it/design-thinking/design-thinking-cycle/per-bisogno/generare-idee/per-bisogno/generare-idee/,"Liberating Structures in italiano | Liberating.it",49,https://liberating.it/design-thinking/design-thinking-cycle/per-bisogno/generare-idee/
https://liberating.it/design-thinking/design-thinking-cycle/per-bisogno/generare-idee/per-bisogno/prendere-decisioni/,"Liberating Structures in italiano | Liberating.it",49,https://liberating.it/design-thinking/design-thinking-cycle/per-bisogno/generare-idee/
https://liberating.it/design-thinking/design-thinking-cycle/per-bisogno/generare-idee/privacy-policy/,"Liberating Structures in italiano | Liberating.it",49,https://liberating.it/design-thinking/design-thinking-cycle/per-bisogno/generare-idee/
https://liberating.it/design-thinking/design-thinking-cycle/per-bisogno/generare-idee/structures/,"Liberating Structures in italiano | Liberating.it",49,https://liberating.it/design-thinking/design-thinking-cycle/per-bisogno/generare-idee/
https://liberating.it/design-thinking/design-thinking-cycle/per-bisogno/generare-idee/structures/1-2-4-all/,"Liberating Structures in italiano | Liberating.it",49,https://liberating.it/design-thinking/design-thinking-cycle/per-bisogno/generare-idee/
https://liberating.it/design-thinking/design-thinking-cycle/per-bisogno/generare-idee/structures/10-principi-fondamentali-liberating-structures/,"Liberating Structures in italiano | Liberating.it",49,https://liberating.it/design-thinking/design-thinking-cycle/per-bisogno/generare-idee/structures/
https://liberating.it/design-thinking/design-thinking-cycle/per-bisogno/generare-idee/structures/15-solutions/,"Liberating Structures in italiano | Liberating.it",49,https://liberating.it/design-thinking/design-thinking-cycle/per-bisogno/generare-idee/
https://liberating.it/design-thinking/design-thinking-cycle/per-bisogno/generare-idee/structures/complessita/iniziare-subito/,"Liberating Structures in italiano | Liberating.it",49,https://liberating.it/design-thinking/design-thinking-cycle/per-bisogno/generare-idee/structures/
https://liberating.it/design-thinking/design-thinking-cycle/per-bisogno/generare-idee/structures/heard-seen-respected-hsr/,"Liberating Structures in italiano | Liberating.it",49,https://liberating.it/design-thinking/design-thinking-cycle/per-bisogno/generare-idee/
https://liberating.it/design-thinking/design-thinking-cycle/per-bisogno/generare-idee/structures/impromptu-networking/,"Liberating Structures in italiano | Liberating.it",49,https://liberating.it/design-thinking/design-thinking-cycle/per-bisogno/generare-idee/
https://liberating.it/design-thinking/design-thinking-cycle/per-bisogno/generare-idee/structures/per-bisogno/,"Liberating Structures in italiano | Liberating.it",49,https://liberating.it/design-thinking/design-thinking-cycle/per-bisogno/generare-idee/structures/
https://liberating.it/design-thinking/design-thinking-cycle/per-bisogno/generare-idee/structures/per-bisogno/analizzare-problemi/,"Liberating Structures in italiano | Liberating.it",49,https://liberating.it/design-thinking/design-thinking-cycle/per-bisogno/generare-idee/structures/
https://liberating.it/design-thinking/design-thinking-cycle/per-bisogno/generare-idee/structures/per-bisogno/fare-strategia/,"Liberating Structures in italiano | Liberating.it",49,https://liberating.it/design-thinking/design-thinking-cycle/per-bisogno/generare-idee/structures/
https://liberating.it/design-thinking/design-thinking-cycle/per-bisogno/generare-idee/structures/per-bisogno/generare-idee/,"Liberating Structures in italiano | Liberating.it",49,https://liberating.it/design-thinking/design-thinking-cycle/per-bisogno/generare-idee/structures/
https://liberating.it/design-thinking/design-thinking-cycle/per-bisogno/generare-idee/structures/per-bisogno/prendere-decisioni/,"Liberating Structures in italiano | Liberating.it",49,https://liberating.it/design-thinking/design-thinking-cycle/per-bisogno/generare-idee/structures/
https://liberating.it/design-thinking/design-thinking-cycle/per-bisogno/generare-idee/structures/privacy-policy/,"Liberating Structures in italiano | Liberating.it",49,https://liberating.it/design-thinking/design-thinking-cycle/per-bisogno/generare-idee/structures/
https://liberating.it/design-thinking/design-thinking-cycle/per-bisogno/generare-idee/structures/structures/,"Liberating Structures in italiano | Liberating.it",49,https://liberating.it/design-thinking/design-thinking-cycle/per-bisogno/generare-idee/structures/
https://liberating.it/design-thinking/design-thinking-cycle/per-bisogno/generare-idee/structures/structures/1-2-4-all/,"Liberating Structures in italiano | Liberating.it",49,https://liberating.it/design-thinking/design-thinking-cycle/per-bisogno/generare-idee/structures/
https://liberating.it/design-thinking/design-thinking-cycle/per-bisogno/generare-idee/structures/structures/15-solutions/,"Liberating Structures in italiano | Liberating.it",49,https://liberating.it/design-thinking/design-thinking-cycle/per-bisogno/generare-idee/structures/
https://liberating.it/design-thinking/design-thinking-cycle/per-bisogno/generare-idee/structures/structures/heard-seen-respected-hsr/,"Liberating Structures in italiano | Liberating.it",49,https://liberating.it/design-thinking/design-thinking-cycle/per-bisogno/generare-idee/structures/
https://liberating.it/design-thinking/design-thinking-cycle/per-bisogno/generare-idee/structures/structures/impromptu-networking/,"Liberating Structures in italiano | Liberating.it",49,https://liberating.it/design-thinking/design-thinking-cycle/per-bisogno/generare-idee/structures/
https://liberating.it/design-thinking/design-thinking-cycle/per-bisogno/generare-idee/structures/structures/w3-what-so-what-now-what/,"Liberating Structures in italiano | Liberating.it",49,https://liberating.it/design-thinking/design-thinking-cycle/per-bisogno/generare-idee/structures/
https://liberating.it/design-thinking/design-thinking-cycle/per-bisogno/generare-idee/structures/termini-di-servizio/,"Liberating Structures in italiano | Liberating.it",49,https://liberating.it/design-thinking/design-thinking-cycle/per-bisogno/generare-idee/structures/
https://liberating.it/design-thinking/design-thinking-cycle/per-bisogno/generare-idee/structures/w3-what-so-what-now-what/,"Liberating Structures in italiano | Liberating.it",49,https://liberating.it/design-thinking/design-thinking-cycle/per-bisogno/generare-idee/
https://liberating.it/design-thinking/design-thinking-cycle/per-bisogno/generare-idee/termini-di-servizio/,"Liberating Structures in italiano | Liberating.it",49,https://liberating.it/design-thinking/design-thinking-cycle/per-bisogno/generare-idee/
https://liberating.it/design-thinking/design-thinking-cycle/per-bisogno/generare-idee/termini-di-servizio/10-principi-fondamentali-liberating-structures/,"Liberating Structures in italiano | Liberating.it",49,https://liberating.it/design-thinking/design-thinking-cycle/per-bisogno/generare-idee/termini-di-servizio/
https://liberating.it/design-thinking/design-thinking-cycle/per-bisogno/generare-idee/termini-di-servizio/complessita/iniziare-subito/,"Liberating Structures in italiano | Liberating.it",49,https://liberating.it/design-thinking/design-thinking-cycle/per-bisogno/generare-idee/termini-di-servizio/
https://liberating.it/design-thinking/design-thinking-cycle/per-bisogno/generare-idee/termini-di-servizio/per-bisogno/,"Liberating Structures in italiano | Liberating.it",49,https://liberating.it/design-thinking/design-thinking-cycle/per-bisogno/generare-idee/termini-di-servizio/
https://liberating.it/design-thinking/design-thinking-cycle/per-bisogno/generare-idee/termini-di-servizio/per-bisogno/analizzare-problemi/,"Liberating Structures in italiano | Liberating.it",49,https://liberating.it/design-thinking/design-thinking-cycle/per-bisogno/generare-idee/termini-di-servizio/
https://liberating.it/design-thinking/design-thinking-cycle/per-bisogno/generare-idee/termini-di-servizio/per-bisogno/fare-strategia/,"Liberating Structures in italiano | Liberating.it",49,https://liberating.it/design-thinking/design-thinking-cycle/per-bisogno/generare-idee/termini-di-servizio/
https://liberating.it/design-thinking/design-thinking-cycle/per-bisogno/generare-idee/termini-di-servizio/per-bisogno/generare-idee/,"Liberating Structures in italiano | Liberating.it",49,https://liberating.it/design-thinking/design-thinking-cycle/per-bisogno/generare-idee/termini-di-servizio/
https://liberating.it/design-thinking/design-thinking-cycle/per-bisogno/generare-idee/termini-di-servizio/per-bisogno/prendere-decisioni/,"Liberating Structures in italiano | Liberating.it",49,https://liberating.it/design-thinking/design-thinking-cycle/per-bisogno/generare-idee/termini-di-servizio/
https://liberating.it/design-thinking/design-thinking-cycle/per-bisogno/generare-idee/termini-di-servizio/privacy-policy/,"Liberating Structures in italiano | Liberating.it",49,https://liberating.it/design-thinking/design-thinking-cycle/per-bisogno/generare-idee/termini-di-servizio/
https://liberating.it/design-thinking/design-thinking-cycle/per-bisogno/generare-idee/termini-di-servizio/structures/,"Liberating Structures in italiano | Liberating.it",49,https://liberating.it/design-thinking/design-thinking-cycle/per-bisogno/generare-idee/termini-di-servizio/
https://liberating.it/design-thinking/design-thinking-cycle/per-bisogno/generare-idee/termini-di-servizio/structures/15-solutions/,"Liberating Structures in italiano | Liberating.it",49,https://liberating.it/design-thinking/design-thinking-cycle/per-bisogno/generare-idee/termini-di-servizio/
https://liberating.it/design-thinking/design-thinking-cycle/per-bisogno/generare-idee/termini-di-servizio/structures/heard-seen-respected-hsr/,"Liberating Structures in italiano | Liberating.it",49,https://liberating.it/design-thinking/design-thinking-cycle/per-bisogno/generare-idee/termini-di-servizio/
https://liberating.it/design-thinking/design-thinking-cycle/per-bisogno/generare-idee/termini-di-servizio/structures/impromptu-networking/,"Liberating Structures in italiano | Liberating.it",49,https://liberating.it/design-thinking/design-thinking-cycle/per-bisogno/generare-idee/termini-di-servizio/
https://liberating.it/design-thinking/design-thinking-cycle/per-bisogno/generare-idee/termini-di-servizio/structures/w3-what-so-what-now-what/,"Liberating Structures in italiano | Liberating.it",49,https://liberating.it/design-thinking/design-thinking-cycle/per-bisogno/generare-idee/termini-di-servizio/
https://liberating.it/design-thinking/design-thinking-cycle/per-bisogno/generare-idee/termini-di-servizio/termini-di-servizio/,"Liberating Structures in italiano | Liberating.it",49,https://liberating.it/design-thinking/design-thinking-cycle/per-bisogno/generare-idee/termini-di-servizio/
https://liberating.it/design-thinking/design-thinking-cycle/per-bisogno/per-bisogno/,"Liberating Structures in italiano | Liberating.it",49,https://liberating.it/design-thinking/design-thinking-cycle/per-bisogno/
https://liberating.it/design-thinking/design-thinking-cycle/per-bisogno/per-bisogno/analizzare-problemi/,"Liberating Structures in italiano | Liberating.it",49,https://liberating.it/design-thinking/design-thinking-cycle/per-bisogno/
https://liberating.it/design-thinking/design-thinking-cycle/per-bisogno/per-bisogno/fare-strategia/,"Liberating Structures in italiano | Liberating.it",49,https://liberating.it/design-thinking/design-thinking-cycle/per-bisogno/
https://liberating.it/design-thinking/design-thinking-cycle/per-bisogno/per-bisogno/generare-idee/,"Liberating Structures in italiano | Liberating.it",49,https://liberating.it/design-thinking/design-thinking-cycle/per-bisogno/
https://liberating.it/design-thinking/design-thinking-cycle/per-bisogno/per-bisogno/prendere-decisioni/,"Liberating Structures in italiano | Liberating.it",49,https://liberating.it/design-thinking/design-thinking-cycle/per-bisogno/
https://liberating.it/design-thinking/design-thinking-cycle/per-bisogno/prendere-decisioni/,"Liberating Structures in italiano | Liberating.it",49,https://liberating.it/design-thinking/design-thinking-cycle/
https://liberating.it/design-thinking/design-thinking-cycle/per-bisogno/prendere-decisioni/10-principi-fondamentali-liberating-structures/,"Liberating Structures in italiano | Liberating.it",49,https://liberating.it/design-thinking/design-thinking-cycle/per-bisogno/prendere-decisioni/
https://liberating.it/design-thinking/design-thinking-cycle/per-bisogno/prendere-decisioni/complessita/iniziare-subito/,"Liberating Structures in italiano | Liberating.it",49,https://liberating.it/design-thinking/design-thinking-cycle/per-bisogno/prendere-decisioni/
https://liberating.it/design-thinking/design-thinking-cycle/per-bisogno/prendere-decisioni/per-bisogno/,"Liberating Structures in italiano | Liberating.it",49,https://liberating.it/design-thinking/design-thinking-cycle/per-bisogno/prendere-decisioni/
https://liberating.it/design-thinking/design-thinking-cycle/per-bisogno/prendere-decisioni/per-bisogno/analizzare-problemi/,"Liberating Structures in italiano | Liberating.it",49,https://liberating.it/design-thinking/design-thinking-cycle/per-bisogno/prendere-decisioni/
https://liberating.it/design-thinking/design-thinking-cycle/per-bisogno/prendere-decisioni/per-bisogno/fare-strategia/,"Liberating Structures in italiano | Liberating.it",49,https://liberating.it/design-thinking/design-thinking-cycle/per-bisogno/prendere-decisioni/
https://liberating.it/design-thinking/design-thinking-cycle/per-bisogno/prendere-decisioni/per-bisogno/generare-idee/,"Liberating Structures in italiano | Liberating.it",49,https://liberating.it/design-thinking/design-thinking-cycle/per-bisogno/prendere-decisioni/
https://liberating.it/design-thinking/design-thinking-cycle/per-bisogno/prendere-decisioni/per-bisogno/prendere-decisioni/,"Liberating Structures in italiano | Liberating.it",49,https://liberating.it/design-thinking/design-thinking-cycle/per-bisogno/prendere-decisioni/
https://liberating.it/design-thinking/design-thinking-cycle/per-bisogno/prendere-decisioni/privacy-policy/,"Liberating Structures in italiano | Liberating.it",49,https://liberating.it/design-thinking/design-thinking-cycle/per-bisogno/prendere-decisioni/
https://liberating.it/design-thinking/design-thinking-cycle/per-bisogno/prendere-decisioni/structures/,"Liberating Structures in italiano | Liberating.it",49,https://liberating.it/design-thinking/design-thinking-cycle/per-bisogno/prendere-decisioni/
https://liberating.it/design-thinking/design-thinking-cycle/per-bisogno/prendere-decisioni/structures/1-2-4-all/,"Liberating Structures in italiano | Liberating.it",49,https://liberating.it/design-thinking/design-thinking-cycle/per-bisogno/prendere-decisioni/
https://liberating.it/design-thinking/design-thinking-cycle/per-bisogno/prendere-decisioni/structures/15-solutions/,"Liberating Structures in italiano | Liberating.it",49,https://liberating.it/design-thinking/design-thinking-cycle/per-bisogno/prendere-decisioni/
https://liberating.it/design-thinking/design-thinking-cycle/per-bisogno/prendere-decisioni/structures/heard-seen-respected-hsr/,"Liberating Structures in italiano | Liberating.it",49,https://liberating.it/design-thinking/design-thinking-cycle/per-bisogno/prendere-decisioni/
https://liberating.it/design-thinking/design-thinking-cycle/per-bisogno/prendere-decisioni/structures/impromptu-networking/,"Liberating Structures in italiano | Liberating.it",49,https://liberating.it/design-thinking/design-thinking-cycle/per-bisogno/prendere-decisioni/
https://liberating.it/design-thinking/design-thinking-cycle/per-bisogno/prendere-decisioni/structures/w3-what-so-what-now-what/,"Liberating Structures in italiano | Liberating.it",49,https://liberating.it/design-thinking/design-thinking-cycle/per-bisogno/prendere-decisioni/
https://liberating.it/design-thinking/design-thinking-cycle/per-bisogno/prendere-decisioni/termini-di-servizio/,"Liberating Structures in italiano | Liberating.it",49,https://liberating.it/design-thinking/design-thinking-cycle/per-bisogno/prendere-decisioni/
https://liberating.it/design-thinking/design-thinking-cycle/per-bisogno/privacy-policy/,"Liberating Structures in italiano | Liberating.it",49,https://liberating.it/design-thinking/design-thinking-cycle/per-bisogno/
https://liberating.it/design-thinking/design-thinking-cycle/per-bisogno/structures/,"Liberating Structures in italiano | Liberating.it",49,https://liberating.it/design-thinking/design-thinking-cycle/per-bisogno/
https://liberating.it/design-thinking/design-thinking-cycle/per-bisogno/structures/1-2-4-all/,"Liberating Structures in italiano | Liberating.it",49,https://liberating.it/design-thinking/design-thinking-cycle/per-bisogno/
https://liberating.it/design-thinking/design-thinking-cycle/per-bisogno/structures/15-solutions/,"Liberating Structures in italiano | Liberating.it",49,https://liberating.it/design-thinking/design-thinking-cycle/per-bisogno/
https://liberating.it/design-thinking/design-thinking-cycle/per-bisogno/structures/heard-seen-respected-hsr/,"Liberating Structures in italiano | Liberating.it",49,https://liberating.it/design-thinking/design-thinking-cycle/per-bisogno/
https://liberating.it/design-thinking/design-thinking-cycle/per-bisogno/structures/impromptu-networking/,"Liberating Structures in italiano | Liberating.it",49,https://liberating.it/design-thinking/design-thinking-cycle/per-bisogno/
https://liberating.it/design-thinking/design-thinking-cycle/per-bisogno/structures/w3-what-so-what-now-what/,"Liberating Structures in italiano | Liberating.it",49,https://liberating.it/design-thinking/design-thinking-cycle/per-bisogno/
https://liberating.it/design-thinking/design-thinking-cycle/per-bisogno/termini-di-servizio/,"Liberating Structures in italiano | Liberating.it",49,https://liberating.it/design-thinking/design-thinking-cycle/per-bisogno/
https://liberating.it/design-thinking/design-thinking-cycle/privacy-policy/,"Liberating Structures in italiano | Liberating.it",49,https://liberating.it/design-thinking/design-thinking-cycle/
https://liberating.it/design-thinking/design-thinking-cycle/structures/,"Liberating Structures in italiano | Liberating.it",49,https://liberating.it/design-thinking/design-thinking-cycle/
https://liberating.it/design-thinking/design-thinking-cycle/structures/1-2-4-all/,"Liberating Structures in italiano | Liberating.it",49,https://liberating.it/design-thinking/design-thinking-cycle/
https://liberating.it/design-thinking/design-thinking-cycle/structures/1-2-4-all/10-principi-fondamentali-liberating-structures/,"Liberating Structures in italiano | Liberating.it",49,https://liberating.it/design-thinking/design-thinking-cycle/structures/1-2-4-all/
https://liberating.it/design-thinking/design-thinking-cycle/structures/1-2-4-all/complessita/iniziare-subito/,"Liberating Structures in italiano | Liberating.it",49,https://liberating.it/design-thinking/design-thinking-cycle/structures/1-2-4-all/
https://liberating.it/design-thinking/design-thinking-cycle/structures/1-2-4-all/per-bisogno/,"Liberating Structures in italiano | Liberating.it",49,https://liberating.it/design-thinking/design-thinking-cycle/structures/1-2-4-all/
https://liberating.it/design-thinking/design-thinking-cycle/structures/1-2-4-all/per-bisogno/analizzare-problemi/,"Liberating Structures in italiano | Liberating.it",49,https://liberating.it/design-thinking/design-thinking-cycle/structures/1-2-4-all/
https://liberating.it/design-thinking/design-thinking-cycle/structures/1-2-4-all/per-bisogno/fare-strategia/,"Liberating Structures in italiano | Liberating.it",49,https://liberating.it/design-thinking/design-thinking-cycle/structures/1-2-4-all/
https://liberating.it/design-thinking/design-thinking-cycle/structures/1-2-4-all/per-bisogno/generare-idee/,"Liberating Structures in italiano | Liberating.it",49,https://liberating.it/design-thinking/design-thinking-cycle/structures/1-2-4-all/
https://liberating.it/design-thinking/design-thinking-cycle/structures/1-2-4-all/per-bisogno/prendere-decisioni/,"Liberating Structures in italiano | Liberating.it",49,https://liberating.it/design-thinking/design-thinking-cycle/structures/1-2-4-all/
https://liberating.it/design-thinking/design-thinking-cycle/structures/1-2-4-all/privacy-policy/,"Liberating Structures in italiano | Liberating.it",49,https://liberating.it/design-thinking/design-thinking-cycle/structures/1-2-4-all/
https://liberating.it/design-thinking/design-thinking-cycle/structures/1-2-4-all/structures/,"Liberating Structures in italiano | Liberating.it",49,https://liberating.it/design-thinking/design-thinking-cycle/structures/1-2-4-all/
https://liberating.it/design-thinking/design-thinking-cycle/structures/1-2-4-all/structures/1-2-4-all/,"Liberating Structures in italiano | Liberating.it",49,https://liberating.it/design-thinking/design-thinking-cycle/structures/1-2-4-all/
https://liberating.it/design-thinking/design-thinking-cycle/structures/1-2-4-all/structures/15-solutions/,"Liberating Structures in italiano | Liberating.it",49,https://liberating.it/design-thinking/design-thinking-cycle/structures/1-2-4-all/
https://liberating.it/design-thinking/design-thinking-cycle/structures/1-2-4-all/structures/heard-seen-respected-hsr/,"Liberating Structures in italiano | Liberating.it",49,https://liberating.it/design-thinking/design-thinking-cycle/structures/1-2-4-all/
https://liberating.it/design-thinking/design-thinking-cycle/structures/1-2-4-all/structures/impromptu-networking/,"Liberating Structures in italiano | Liberating.it",49,https://liberating.it/design-thinking/design-thinking-cycle/structures/1-2-4-all/
https://liberating.it/design-thinking/design-thinking-cycle/structures/1-2-4-all/structures/w3-what-so-what-now-what/,"Liberating Structures in italiano | Liberating.it",49,https://liberating.it/design-thinking/design-thinking-cycle/structures/1-2-4-all/
https://liberating.it/design-thinking/design-thinking-cycle/structures/1-2-4-all/termini-di-servizio/,"Liberating Structures in italiano | Liberating.it",49,https://liberating.it/design-thinking/design-thinking-cycle/structures/1-2-4-all/
https://liberating.it/design-thinking/design-thinking-cycle/structures/10-principi-fondamentali-liberating-structures/,"Liberating Structures in italiano | Liberating.it",49,https://liberating.it/design-thinking/design-thinking-cycle/structures/
https://liberating.it/design-thinking/design-thinking-cycle/structures/15-solutions/,"Liberating Structures in italiano | Liberating.it",49,https://liberating.it/design-thinking/design-thinking-cycle/
https://liberating.it/design-thinking/design-thinking-cycle/structures/15-solutions/10-principi-fondamentali-liberating-structures/,"Liberating Structures in italiano | Liberating.it",49,https://liberating.it/design-thinking/design-thinking-cycle/structures/15-solutions/
https://liberating.it/design-thinking/design-thinking-cycle/structures/15-solutions/complessita/iniziare-subito/,"Liberating Structures in italiano | Liberating.it",49,https://liberating.it/design-thinking/design-thinking-cycle/structures/15-solutions/
https://liberating.it/design-thinking/design-thinking-cycle/structures/15-solutions/per-bisogno/,"Liberating Structures in italiano | Liberating.it",49,https://liberating.it/design-thinking/design-thinking-cycle/structures/15-solutions/
https://liberating.it/design-thinking/design-thinking-cycle/structures/15-solutions/per-bisogno/analizzare-problemi/,"Liberating Structures in italiano | Liberating.it",49,https://liberating.it/design-thinking/design-thinking-cycle/structures/15-solutions/
https://liberating.it/design-thinking/design-thinking-cycle/structures/15-solutions/per-bisogno/fare-strategia/,"Liberating Structures in italiano | Liberating.it",49,https://liberating.it/design-thinking/design-thinking-cycle/structures/15-solutions/
https://liberating.it/design-thinking/design-thinking-cycle/structures/15-solutions/per-bisogno/generare-idee/,"Liberating Structures in italiano | Liberating.it",49,https://liberating.it/design-thinking/design-thinking-cycle/structures/15-solutions/
https://liberating.it/design-thinking/design-thinking-cycle/structures/15-solutions/per-bisogno/prendere-decisioni/,"Liberating Structures in italiano | Liberating.it",49,https://liberating.it/design-thinking/design-thinking-cycle/structures/15-solutions/
https://liberating.it/design-thinking/design-thinking-cycle/structures/15-solutions/privacy-policy/,"Liberating Structures in italiano | Liberating.it",49,https://liberating.it/design-thinking/design-thinking-cycle/structures/15-solutions/
https://liberating.it/design-thinking/design-thinking-cycle/structures/15-solutions/structures/,"Liberating Structures in italiano | Liberating.it",49,https://liberating.it/design-thinking/design-thinking-cycle/structures/15-solutions/
https://liberating.it/design-thinking/design-thinking-cycle/structures/15-solutions/structures/1-2-4-all/,"Liberating Structures in italiano | Liberating.it",49,https://liberating.it/design-thinking/design-thinking-cycle/structures/15-solutions/
https://liberating.it/design-thinking/design-thinking-cycle/structures/15-solutions/structures/15-solutions/,"Liberating Structures in italiano | Liberating.it",49,https://liberating.it/design-thinking/design-thinking-cycle/structures/15-solutions/
https://liberating.it/design-thinking/design-thinking-cycle/structures/15-solutions/structures/heard-seen-respected-hsr/,"Liberating Structures in italiano | Liberating.it",49,https://liberating.it/design-thinking/design-thinking-cycle/structures/15-solutions/
https://liberating.it/design-thinking/design-thinking-cycle/structures/15-solutions/structures/impromptu-networking/,"Liberating Structures in italiano | Liberating.it",49,https://liberating.it/design-thinking/design-thinking-cycle/structures/15-solutions/
https://liberating.it/design-thinking/design-thinking-cycle/structures/15-solutions/structures/w3-what-so-what-now-what/,"Liberating Structures in italiano | Liberating.it",49,https://liberating.it/design-thinking/design-thinking-cycle/structures/15-solutions/
https://liberating.it/design-thinking/design-thinking-cycle/structures/15-solutions/termini-di-servizio/,"Liberating Structures in italiano | Liberating.it",49,https://liberating.it/design-thinking/design-thinking-cycle/structures/15-solutions/
https://liberating.it/design-thinking/design-thinking-cycle/structures/complessita/iniziare-subito/,"Liberating Structures in italiano | Liberating.it",49,https://liberating.it/design-thinking/design-thinking-cycle/structures/
https://liberating.it/design-thinking/design-thinking-cycle/structures/complessita/iniziare-subito/10-principi-fondamentali-liberating-structures/,"Liberating Structures in italiano | Liberating.it",49,https://liberating.it/design-thinking/design-thinking-cycle/structures/complessita/iniziare-subito/
https://liberating.it/design-thinking/design-thinking-cycle/structures/complessita/iniziare-subito/complessita/iniziare-subito/,"Liberating Structures in italiano | Liberating.it",49,https://liberating.it/design-thinking/design-thinking-cycle/structures/complessita/iniziare-subito/
https://liberating.it/design-thinking/design-thinking-cycle/structures/complessita/iniziare-subito/per-bisogno/,"Liberating Structures in italiano | Liberating.it",49,https://liberating.it/design-thinking/design-thinking-cycle/structures/complessita/iniziare-subito/
https://liberating.it/design-thinking/design-thinking-cycle/structures/complessita/iniziare-subito/per-bisogno/analizzare-problemi/,"Liberating Structures in italiano | Liberating.it",49,https://liberating.it/design-thinking/design-thinking-cycle/structures/complessita/iniziare-subito/
https://liberating.it/design-thinking/design-thinking-cycle/structures/complessita/iniziare-subito/per-bisogno/fare-strategia/,"Liberating Structures in italiano | Liberating.it",49,https://liberating.it/design-thinking/design-thinking-cycle/structures/complessita/iniziare-subito/
https://liberating.it/design-thinking/design-thinking-cycle/structures/complessita/iniziare-subito/per-bisogno/generare-idee/,"Liberating Structures in italiano | Liberating.it",49,https://liberating.it/design-thinking/design-thinking-cycle/structures/complessita/iniziare-subito/
https://liberating.it/design-thinking/design-thinking-cycle/structures/complessita/iniziare-subito/per-bisogno/prendere-decisioni/,"Liberating Structures in italiano | Liberating.it",49,https://liberating.it/design-thinking/design-thinking-cycle/structures/complessita/iniziare-subito/
https://liberating.it/design-thinking/design-thinking-cycle/structures/complessita/iniziare-subito/privacy-policy/,"Liberating Structures in italiano | Liberating.it",49,https://liberating.it/design-thinking/design-thinking-cycle/structures/complessita/iniziare-subito/
https://liberating.it/design-thinking/design-thinking-cycle/structures/complessita/iniziare-subito/structures/,"Liberating Structures in italiano | Liberating.it",49,https://liberating.it/design-thinking/design-thinking-cycle/structures/complessita/iniziare-subito/
https://liberating.it/design-thinking/design-thinking-cycle/structures/complessita/iniziare-subito/structures/1-2-4-all/,"Liberating Structures in italiano | Liberating.it",49,https://liberating.it/design-thinking/design-thinking-cycle/structures/complessita/iniziare-subito/
https://liberating.it/design-thinking/design-thinking-cycle/structures/complessita/iniziare-subito/structures/15-solutions/,"Liberating Structures in italiano | Liberating.it",49,https://liberating.it/design-thinking/design-thinking-cycle/structures/complessita/iniziare-subito/
https://liberating.it/design-thinking/design-thinking-cycle/structures/complessita/iniziare-subito/structures/impromptu-networking/,"Liberating Structures in italiano | Liberating.it",49,https://liberating.it/design-thinking/design-thinking-cycle/structures/complessita/iniziare-subito/
https://liberating.it/design-thinking/design-thinking-cycle/structures/complessita/iniziare-subito/structures/w3-what-so-what-now-what/,"Liberating Structures in italiano | Liberating.it",49,https://liberating.it/design-thinking/design-thinking-cycle/structures/complessita/iniziare-subito/
https://liberating.it/design-thinking/design-thinking-cycle/structures/complessita/iniziare-subito/termini-di-servizio/,"Liberating Structures in italiano | Liberating.it",49,https://liberating.it/design-thinking/design-thinking-cycle/structures/complessita/iniziare-subito/
https://liberating.it/design-thinking/design-thinking-cycle/structures/heard-seen-respected-hsr/,"Liberating Structures in italiano | Liberating.it",49,https://liberating.it/design-thinking/design-thinking-cycle/
https://liberating.it/design-thinking/design-thinking-cycle/structures/impromptu-networking/,"Liberating Structures in italiano | Liberating.it",49,https://liberating.it/design-thinking/design-thinking-cycle/
https://liberating.it/design-thinking/design-thinking-cycle/structures/impromptu-networking/10-principi-fondamentali-liberating-structures/,"Liberating Structures in italiano | Liberating.it",49,https://liberating.it/design-thinking/design-thinking-cycle/structures/impromptu-networking/
https://liberating.it/design-thinking/design-thinking-cycle/structures/impromptu-networking/complessita/iniziare-subito/,"Liberating Structures in italiano | Liberating.it",49,https://liberating.it/design-thinking/design-thinking-cycle/structures/impromptu-networking/
https://liberating.it/design-thinking/design-thinking-cycle/structures/impromptu-networking/per-bisogno/,"Liberating Structures in italiano | Liberating.it",49,https://liberating.it/design-thinking/design-thinking-cycle/structures/impromptu-networking/
https://liberating.it/design-thinking/design-thinking-cycle/structures/impromptu-networking/per-bisogno/analizzare-problemi/,"Liberating Structures in italiano | Liberating.it",49,https://liberating.it/design-thinking/design-thinking-cycle/structures/impromptu-networking/
https://liberating.it/design-thinking/design-thinking-cycle/structures/impromptu-networking/per-bisogno/fare-strategia/,"Liberating Structures in italiano | Liberating.it",49,https://liberating.it/design-thinking/design-thinking-cycle/structures/impromptu-networking/
https://liberating.it/design-thinking/design-thinking-cycle/structures/impromptu-networking/per-bisogno/generare-idee/,"Liberating Structures in italiano | Liberating.it",49,https://liberating.it/design-thinking/design-thinking-cycle/structures/impromptu-networking/
https://liberating.it/design-thinking/design-thinking-cycle/structures/impromptu-networking/per-bisogno/prendere-decisioni/,"Liberating Structures in italiano | Liberating.it",49,https://liberating.it/design-thinking/design-thinking-cycle/structures/impromptu-networking/
https://liberating.it/design-thinking/design-thinking-cycle/structures/impromptu-networking/privacy-policy/,"Liberating Structures in italiano | Liberating.it",49,https://liberating.it/design-thinking/design-thinking-cycle/structures/impromptu-networking/
https://liberating.it/design-thinking/design-thinking-cycle/structures/impromptu-networking/structures/,"Liberating Structures in italiano | Liberating.it",49,https://liberating.it/design-thinking/design-thinking-cycle/structures/impromptu-networking/
https://liberating.it/design-thinking/design-thinking-cycle/structures/impromptu-networking/structures/1-2-4-all/,"Liberating Structures in italiano | Liberating.it",49,https://liberating.it/design-thinking/design-thinking-cycle/structures/impromptu-networking/
https://liberating.it/design-thinking/design-thinking-cycle/structures/impromptu-networking/structures/15-solutions/,"Liberating Structures in italiano | Liberating.it",49,https://liberating.it/design-thinking/design-thinking-cycle/structures/impromptu-networking/
https://liberating.it/design-thinking/design-thinking-cycle/structures/impromptu-networking/structures/heard-seen-respected-hsr/,"Liberating Structures in italiano | Liberating.it",49,https://liberating.it/design-thinking/design-thinking-cycle/structures/impromptu-networking/
https://liberating.it/design-thinking/design-thinking-cycle/structures/impromptu-networking/structures/impromptu-networking/,"Liberating Structures in italiano | Liberating.it",49,https://liberating.it/design-thinking/design-thinking-cycle/structures/impromptu-networking/
https://liberating.it/design-thinking/design-thinking-cycle/structures/impromptu-networking/structures/w3-what-so-what-now-what/,"Liberating Structures in italiano | Liberating.it",49,https://liberating.it/design-thinking/design-thinking-cycle/structures/impromptu-networking/
https://liberating.it/design-thinking/design-thinking-cycle/structures/impromptu-networking/termini-di-servizio/,"Liberating Structures in italiano | Liberating.it",49,https://liberating.it/design-thinking/design-thinking-cycle/structures/impromptu-networking/
https://liberating.it/design-thinking/design-thinking-cycle/structures/per-bisogno/,"Liberating Structures in italiano | Liberating.it",49,https://liberating.it/design-thinking/design-thinking-cycle/structures/
https://liberating.it/design-thinking/design-thinking-cycle/structures/per-bisogno/analizzare-problemi/,"Liberating Structures in italiano | Liberating.it",49,https://liberating.it/design-thinking/design-thinking-cycle/structures/
https://liberating.it/design-thinking/design-thinking-cycle/structures/per-bisogno/fare-strategia/,"Liberating Structures in italiano | Liberating.it",49,https://liberating.it/design-thinking/design-thinking-cycle/structures/
https://liberating.it/design-thinking/design-thinking-cycle/structures/per-bisogno/fare-strategia/10-principi-fondamentali-liberating-structures/,"Liberating Structures in italiano | Liberating.it",49,https://liberating.it/design-thinking/design-thinking-cycle/structures/per-bisogno/fare-strategia/
https://liberating.it/design-thinking/design-thinking-cycle/structures/per-bisogno/fare-strategia/complessita/iniziare-subito/,"Liberating Structures in italiano | Liberating.it",49,https://liberating.it/design-thinking/design-thinking-cycle/structures/per-bisogno/fare-strategia/
https://liberating.it/design-thinking/design-thinking-cycle/structures/per-bisogno/fare-strategia/per-bisogno/,"Liberating Structures in italiano | Liberating.it",49,https://liberating.it/design-thinking/design-thinking-cycle/structures/per-bisogno/fare-strategia/
https://liberating.it/design-thinking/design-thinking-cycle/structures/per-bisogno/fare-strategia/per-bisogno/analizzare-problemi/,"Liberating Structures in italiano | Liberating.it",49,https://liberating.it/design-thinking/design-thinking-cycle/structures/per-bisogno/fare-strategia/
https://liberating.it/design-thinking/design-thinking-cycle/structures/per-bisogno/fare-strategia/per-bisogno/fare-strategia/,"Liberating Structures in italiano | Liberating.it",49,https://liberating.it/design-thinking/design-thinking-cycle/structures/per-bisogno/fare-strategia/
https://liberating.it/design-thinking/design-thinking-cycle/structures/per-bisogno/fare-strategia/per-bisogno/generare-idee/,"Liberating Structures in italiano | Liberating.it",49,https://liberating.it/design-thinking/design-thinking-cycle/structures/per-bisogno/fare-strategia/
https://liberating.it/design-thinking/design-thinking-cycle/structures/per-bisogno/fare-strategia/per-bisogno/prendere-decisioni/,"Liberating Structures in italiano | Liberating.it",49,https://liberating.it/design-thinking/design-thinking-cycle/structures/per-bisogno/fare-strategia/
https://liberating.it/design-thinking/design-thinking-cycle/structures/per-bisogno/fare-strategia/privacy-policy/,"Liberating Structures in italiano | Liberating.it",49,https://liberating.it/design-thinking/design-thinking-cycle/structures/per-bisogno/fare-strategia/
https://liberating.it/design-thinking/design-thinking-cycle/structures/per-bisogno/fare-strategia/structures/,"Liberating Structures in italiano | Liberating.it",49,https://liberating.it/design-thinking/design-thinking-cycle/structures/per-bisogno/fare-strategia/
https://liberating.it/design-thinking/design-thinking-cycle/structures/per-bisogno/fare-strategia/structures/1-2-4-all/,"Liberating Structures in italiano | Liberating.it",49,https://liberating.it/design-thinking/design-thinking-cycle/structures/per-bisogno/fare-strategia/
https://liberating.it/design-thinking/design-thinking-cycle/structures/per-bisogno/fare-strategia/structures/15-solutions/,"Liberating Structures in italiano | Liberating.it",49,https://liberating.it/design-thinking/design-thinking-cycle/structures/per-bisogno/fare-strategia/
https://liberating.it/design-thinking/design-thinking-cycle/structures/per-bisogno/fare-strategia/structures/heard-seen-respected-hsr/,"Liberating Structures in italiano | Liberating.it",49,https://liberating.it/design-thinking/design-thinking-cycle/structures/per-bisogno/fare-strategia/
https://liberating.it/design-thinking/design-thinking-cycle/structures/per-bisogno/fare-strategia/structures/impromptu-networking/,"Liberating Structures in italiano | Liberating.it",49,https://liberating.it/design-thinking/design-thinking-cycle/structures/per-bisogno/fare-strategia/
https://liberating.it/design-thinking/design-thinking-cycle/structures/per-bisogno/fare-strategia/structures/w3-what-so-what-now-what/,"Liberating Structures in italiano | Liberating.it",49,https://liberating.it/design-thinking/design-thinking-cycle/structures/per-bisogno/fare-strategia/
https://liberating.it/design-thinking/design-thinking-cycle/structures/per-bisogno/fare-strategia/termini-di-servizio/,"Liberating Structures in italiano | Liberating.it",49,https://liberating.it/design-thinking/design-thinking-cycle/structures/per-bisogno/fare-strategia/
https://liberating.it/design-thinking/design-thinking-cycle/structures/per-bisogno/generare-idee/,"Liberating Structures in italiano | Liberating.it",49,https://liberating.it/design-thinking/design-thinking-cycle/structures/
https://liberating.it/design-thinking/design-thinking-cycle/structures/per-bisogno/prendere-decisioni/,"Liberating Structures in italiano | Liberating.it",49,https://liberating.it/design-thinking/design-thinking-cycle/structures/
https://liberating.it/design-thinking/design-thinking-cycle/structures/privacy-policy/,"Liberating Structures in italiano | Liberating.it",49,https://liberating.it/design-thinking/design-thinking-cycle/structures/
https://liberating.it/design-thinking/design-thinking-cycle/structures/structures/,"Liberating Structures in italiano | Liberating.it",49,https://liberating.it/design-thinking/design-thinking-cycle/structures/
https://liberating.it/design-thinking/design-thinking-cycle/structures/structures/1-2-4-all/,"Liberating Structures in italiano | Liberating.it",49,https://liberating.it/design-thinking/design-thinking-cycle/structures/
https://liberating.it/design-thinking/design-thinking-cycle/structures/structures/15-solutions/,"Liberating Structures in italiano | Liberating.it",49,https://liberating.it/design-thinking/design-thinking-cycle/structures/
https://liberating.it/design-thinking/design-thinking-cycle/structures/structures/heard-seen-respected-hsr/,"Liberating Structures in italiano | Liberating.it",49,https://liberating.it/design-thinking/design-thinking-cycle/structures/
https://liberating.it/design-thinking/design-thinking-cycle/structures/structures/impromptu-networking/,"Liberating Structures in italiano | Liberating.it",49,https://liberating.it/design-thinking/design-thinking-cycle/structures/
https://liberating.it/design-thinking/design-thinking-cycle/structures/structures/w3-what-so-what-now-what/,"Liberating Structures in italiano | Liberating.it",49,https://liberating.it/design-thinking/design-thinking-cycle/structures/
https://liberating.it/design-thinking/design-thinking-cycle/structures/termini-di-servizio/,"Liberating Structures in italiano | Liberating.it",49,https://liberating.it/design-thinking/design-thinking-cycle/structures/
https://liberating.it/design-thinking/design-thinking-cycle/structures/w3-what-so-what-now-what/,"Liberating Structures in italiano | Liberating.it",49,https://liberating.it/design-thinking/design-thinking-cycle/
https://liberating.it/design-thinking/design-thinking-cycle/structures/w3-what-so-what-now-what/10-principi-fondamentali-liberating-structures/,"Liberating Structures in italiano | Liberating.it",49,https://liberating.it/design-thinking/design-thinking-cycle/structures/w3-what-so-what-now-what/
https://liberating.it/design-thinking/design-thinking-cycle/structures/w3-what-so-what-now-what/complessita/iniziare-subito/,"Liberating Structures in italiano | Liberating.it",49,https://liberating.it/design-thinking/design-thinking-cycle/structures/w3-what-so-what-now-what/
https://liberating.it/design-thinking/design-thinking-cycle/structures/w3-what-so-what-now-what/per-bisogno/,"Liberating Structures in italiano | Liberating.it",49,https://liberating.it/design-thinking/design-thinking-cycle/structures/w3-what-so-what-now-what/
https://liberating.it/design-thinking/design-thinking-cycle/structures/w3-what-so-what-now-what/per-bisogno/analizzare-problemi/,"Liberating Structures in italiano | Liberating.it",49,https://liberating.it/design-thinking/design-thinking-cycle/structures/w3-what-so-what-now-what/
https://liberating.it/design-thinking/design-thinking-cycle/structures/w3-what-so-what-now-what/per-bisogno/fare-strategia/,"Liberating Structures in italiano | Liberating.it",49,https://liberating.it/design-thinking/design-thinking-cycle/structures/w3-what-so-what-now-what/
https://liberating.it/design-thinking/design-thinking-cycle/structures/w3-what-so-what-now-what/per-bisogno/generare-idee/,"Liberating Structures in italiano | Liberating.it",49,https://liberating.it/design-thinking/design-thinking-cycle/structures/w3-what-so-what-now-what/
https://liberating.it/design-thinking/design-thinking-cycle/structures/w3-what-so-what-now-what/per-bisogno/prendere-decisioni/,"Liberating Structures in italiano | Liberating.it",49,https://liberating.it/design-thinking/design-thinking-cycle/structures/w3-what-so-what-now-what/
https://liberating.it/design-thinking/design-thinking-cycle/structures/w3-what-so-what-now-what/privacy-policy/,"Liberating Structures in italiano | Liberating.it",49,https://liberating.it/design-thinking/design-thinking-cycle/structures/w3-what-so-what-now-what/
https://liberating.it/design-thinking/design-thinking-cycle/structures/w3-what-so-what-now-what/structures/,"Liberating Structures in italiano | Liberating.it",49,https://liberating.it/design-thinking/design-thinking-cycle/structures/w3-what-so-what-now-what/
https://liberating.it/design-thinking/design-thinking-cycle/structures/w3-what-so-what-now-what/structures/1-2-4-all/,"Liberating Structures in italiano | Liberating.it",49,https://liberating.it/design-thinking/design-thinking-cycle/structures/w3-what-so-what-now-what/
https://liberating.it/design-thinking/design-thinking-cycle/structures/w3-what-so-what-now-what/structures/15-solutions/,"Liberating Structures in italiano | Liberating.it",49,https://liberating.it/design-thinking/design-thinking-cycle/structures/w3-what-so-what-now-what/
https://liberating.it/design-thinking/design-thinking-cycle/structures/w3-what-so-what-now-what/structures/heard-seen-respected-hsr/,"Liberating Structures in italiano | Liberating.it",49,https://liberating.it/design-thinking/design-thinking-cycle/structures/w3-what-so-what-now-what/
https://liberating.it/design-thinking/design-thinking-cycle/structures/w3-what-so-what-now-what/structures/impromptu-networking/,"Liberating Structures in italiano | Liberating.it",49,https://liberating.it/design-thinking/design-thinking-cycle/structures/w3-what-so-what-now-what/
https://liberating.it/design-thinking/design-thinking-cycle/structures/w3-what-so-what-now-what/structures/w3-what-so-what-now-what/,"Liberating Structures in italiano | Liberating.it",49,https://liberating.it/design-thinking/design-thinking-cycle/structures/w3-what-so-what-now-what/
https://liberating.it/design-thinking/design-thinking-cycle/structures/w3-what-so-what-now-what/termini-di-servizio/,"Liberating Structures in italiano | Liberating.it",49,https://liberating.it/design-thinking/design-thinking-cycle/structures/w3-what-so-what-now-what/
https://liberating.it/design-thinking/design-thinking-cycle/termini-di-servizio/,"Liberating Structures in italiano | Liberating.it",49,https://liberating.it/design-thinking/design-thinking-cycle/
https://liberating.it/design-thinking/design-thinking-cycle/termini-di-servizio/10-principi-fondamentali-liberating-structures/,"Liberating Structures in italiano | Liberating.it",49,https://liberating.it/design-thinking/design-thinking-cycle/termini-di-servizio/
https://liberating.it/design-thinking/design-thinking-cycle/termini-di-servizio/per-bisogno/,"Liberating Structures in italiano | Liberating.it",49,https://liberating.it/design-thinking/design-thinking-cycle/termini-di-servizio/
https://liberating.it/design-thinking/design-thinking-cycle/termini-di-servizio/per-bisogno/analizzare-problemi/,"Liberating Structures in italiano | Liberating.it",49,https://liberating.it/design-thinking/design-thinking-cycle/termini-di-servizio/
https://liberating.it/design-thinking/design-thinking-cycle/termini-di-servizio/per-bisogno/fare-strategia/,"Liberating Structures in italiano | Liberating.it",49,https://liberating.it/design-thinking/design-thinking-cycle/termini-di-servizio/
https://liberating.it/design-thinking/design-thinking-cycle/termini-di-servizio/per-bisogno/generare-idee/,"Liberating Structures in italiano | Liberating.it",49,https://liberating.it/design-thinking/design-thinking-cycle/termini-di-servizio/
https://liberating.it/design-thinking/design-thinking-cycle/termini-di-servizio/per-bisogno/prendere-decisioni/,"Liberating Structures in italiano | Liberating.it",49,https://liberating.it/design-thinking/design-thinking-cycle/termini-di-servizio/
https://liberating.it/design-thinking/design-thinking-cycle/termini-di-servizio/privacy-policy/,"Liberating Structures in italiano | Liberating.it",49,https://liberating.it/design-thinking/design-thinking-cycle/termini-di-servizio/
https://liberating.it/design-thinking/design-thinking-cycle/termini-di-servizio/structures/,"Liberating Structures in italiano | Liberating.it",49,https://liberating.it/design-thinking/design-thinking-cycle/termini-di-servizio/
https://liberating.it/design-thinking/design-thinking-cycle/termini-di-servizio/structures/1-2-4-all/,"Liberating Structures in italiano | Liberating.it",49,https://liberating.it/design-thinking/design-thinking-cycle/termini-di-servizio/
https://liberating.it/design-thinking/design-thinking-cycle/termini-di-servizio/structures/15-solutions/,"Liberating Structures in italiano | Liberating.it",49,https://liberating.it/design-thinking/design-thinking-cycle/termini-di-servizio/
https://liberating.it/design-thinking/design-thinking-cycle/termini-di-servizio/structures/heard-seen-respected-hsr/,"Liberating Structures in italiano | Liberating.it",49,https://liberating.it/design-thinking/design-thinking-cycle/termini-di-servizio/
https://liberating.it/design-thinking/design-thinking-cycle/termini-di-servizio/structures/impromptu-networking/,"Liberating Structures in italiano | Liberating.it",49,https://liberating.it/design-thinking/design-thinking-cycle/termini-di-servizio/
https://liberating.it/design-thinking/design-thinking-cycle/termini-di-servizio/structures/w3-what-so-what-now-what/,"Liberating Structures in italiano | Liberating.it",49,https://liberating.it/design-thinking/design-thinking-cycle/termini-di-servizio/
https://liberating.it/design-thinking/design-thinking-cycle/termini-di-servizio/termini-di-servizio/,"Liberating Structures in italiano | Liberating.it",49,https://liberating.it/design-thinking/design-thinking-cycle/termini-di-servizio/
https://liberating.it/design-thinking/empathize/,"Empatizzare | Liberating.it",27,https://liberating.it/structures/heard-seen-respected-hsr/
https://liberating.it/design-thinking/ideate/,"Ideare | Liberating.it",22,https://liberating.it/structures/15-solutions/
https://liberating.it/design-thinking/prototype/,"Prototipare | Liberating.it",27,https://liberating.it/structures/improv-prototyping/
https://liberating.it/design-thinking/test/,"Testare | Liberating.it",23,https://liberating.it/structures/troika-consulting/
https://liberating.it/difficolta/avanzata/,"Strutture avanzate | Liberating.it",34,https://liberating.it/structures/
https://liberating.it/difficolta/facile/,"Liberating Structures facili | Liberating.it",44,https://liberating.it/structures/heard-seen-respected-hsr/
https://liberating.it/difficolta/intermedia/,"Liberating Structures intermedie | Liberating.it",48,https://liberating.it/per-bisogno/fare-strategia/
https://liberating.it/durata/breve/,"Breve (max 45 min) | Liberating.it",34,https://liberating.it/per-bisogno/generare-idee/
https://liberating.it/durata/estesa/,"Estesa (max 4 h) | Liberating.it",32,https://liberating.it/per-bisogno/fare-strategia/
https://liberating.it/durata/media/,"Media (max 90 min) | Liberating.it",34,https://liberating.it/structures/heard-seen-respected-hsr/
https://liberating.it/durata/workshop/,"Workshop (+1g) | Liberating.it",30,https://liberating.it/structures/panarchy/
https://liberating.it/per-bisogno/,"Per bisogno | Liberating.it",27,https://liberating.it/
https://liberating.it/per-bisogno/analizzare-problemi/,"Liberating Structures: analizzare problemi | Liberating.it",58,https://liberating.it/
https://liberating.it/per-bisogno/fare-strategia/,"Liberating Structures per fare strategia | Liberating.it",56,https://liberating.it/
https://liberating.it/per-bisogno/generare-idee/,"Liberating Structures per generare idee | Liberating.it",55,https://liberating.it/
https://liberating.it/per-bisogno/prendere-decisioni/,"Liberating Structures: prendere decisioni | Liberating.it",57,https://liberating.it/
https://liberating.it/privacy-policy/,"Privacy Policy | Liberating.it",30,https://liberating.it/
https://liberating.it/structures/,"Le strutture | Liberating.it",28,https://liberating.it/
https://liberating.it/structures/1-2-4-all/,"1-2-4-All: far parlare tutti in 15 minuti | Liberating.it",57,https://liberating.it/
https://liberating.it/structures/15-solutions/,"15% Solutions: agire subito senza permessi | Liberating.it",58,https://liberating.it/
https://liberating.it/structures/25-10-crowd-sourcing/,"25/10 Crowd Sourcing: prioritizzare idee | Liberating.it",56,https://liberating.it/10-principi-fondamentali-liberating-structures/
https://liberating.it/structures/4-2-1-storming/,"4-2-1-Storming: idee profonde in 10 minuti | Liberating.it",58,https://liberating.it/per-bisogno/generare-idee/
https://liberating.it/structures/9-whys/,"9 Whys: scoprire il vero scopo del team | Liberating.it",55,https://liberating.it/10-principi-fondamentali-liberating-structures/
https://liberating.it/structures/agreement-certainty-matrix/,"Agreement & Certainty: metodo giusto | Liberating.it",52,https://liberating.it/structures/
https://liberating.it/structures/appreciative-interviews-ai/,"Appreciative Interviews (AI): sul successo | Liberating.it",58,https://liberating.it/10-principi-fondamentali-liberating-structures/
https://liberating.it/structures/celebrity-interview/,"Celebrity Interview: coinvolgere tutti | Liberating.it",54,https://liberating.it/design-thinking/empathize/
https://liberating.it/structures/conversation-cafe/,"Conversation Cafe: dialoghi profondi | Liberating.it",52,https://liberating.it/10-principi-fondamentali-liberating-structures/
https://liberating.it/structures/critical-uncertainties/,"Critical Uncertainties: scenari futuri | Liberating.it",54,https://liberating.it/per-bisogno/fare-strategia/
https://liberating.it/structures/design-storyboards/,"Design StoryBoards: workshop efficaci | Liberating.it",53,https://liberating.it/structures/
https://liberating.it/structures/discovery-action-dialogue-dad/,"DAD: analisi e azione in gruppo | Liberating.it",47,https://liberating.it/structures/w3-what-so-what-now-what/
https://liberating.it/structures/drawing-together/,"Drawing Together: pensare disegnando | Liberating.it",52,https://liberating.it/structures/
https://liberating.it/structures/ecocycle-planning/,"Ecocycle Planning: ciclo di vita attività | Liberating.it",57,https://liberating.it/structures/
https://liberating.it/structures/heard-seen-respected-hsr/,"HSR: debriefing empatico in gruppo | Liberating.it",50,https://liberating.it/
https://liberating.it/structures/helping-heuristics/,"Helping Heuristics: aiutarsi a vicenda | Liberating.it",54,https://liberating.it/complessita/iniziare-subito/
https://liberating.it/structures/impromptu-networking/,"Impromptu Networking: rompere il ghiaccio | Liberating.it",57,https://liberating.it/
https://liberating.it/structures/improv-prototyping/,"Improv Prototyping: testare idee veloce | Liberating.it",55,https://liberating.it/structures/
https://liberating.it/structures/integrated-autonomy/,"Integrated Autonomy: autonomia coordinata | Liberating.it",57,https://liberating.it/structures/
https://liberating.it/structures/liquid-courage/,"Liquid Courage: lamentele in azioni | Liberating.it",51,https://liberating.it/complessita/iniziare-subito/
https://liberating.it/structures/mad-love/,"Mad Love: celebrare ciò che funziona | Liberating.it",52,https://liberating.it/design-thinking/empathize/
https://liberating.it/structures/mad-tea/,"Mad Tea: dialogo a cerchi concentrici | Liberating.it",53,https://liberating.it/design-thinking/empathize/
https://liberating.it/structures/min-specs/,"Min Specs: regole minime per agire | Liberating.it",50,https://liberating.it/10-principi-fondamentali-liberating-structures/
https://liberating.it/structures/open-space-technology-ost/,"OST: workshop auto-organizzati | Liberating.it",46,https://liberating.it/per-bisogno/fare-strategia/
https://liberating.it/structures/panarchy/,"Panarchy: sistemi complessi a più livelli | Liberating.it",57,https://liberating.it/structures/
https://liberating.it/structures/pixies-reflection/,"Pixie Reflection: quattro domande guida | Liberating.it",55,https://liberating.it/structures/
https://liberating.it/structures/purpose-to-practice-p2p/,"Purpose to Practice (P2P): scopo e pratiche | Liberating.it",59,https://liberating.it/per-bisogno/fare-strategia/
https://liberating.it/structures/shift-share/,"Shift & Share: innovazioni in plenaria | Liberating.it",54,https://liberating.it/structures/
https://liberating.it/structures/simple-ethnography/,"Simple Ethnography: osservare sul campo | Liberating.it",55,https://liberating.it/design-thinking/empathize/
https://liberating.it/structures/social-network-webbing/,"Social Network Webbing: mappare reti | Liberating.it",52,https://liberating.it/structures/
https://liberating.it/structures/talking-with-pixies/,"Talking with Pixies: prospettive interiori | Liberating.it",58,https://liberating.it/structures/
https://liberating.it/structures/tiny-demons/,"Tiny Demons: resistenze nascoste | Liberating.it",48,https://liberating.it/design-thinking/empathize/
https://liberating.it/structures/triz/,"TRIZ: superare i compromessi nel team | Liberating.it",53,https://liberating.it/10-principi-fondamentali-liberating-structures/
https://liberating.it/structures/troika-consulting/,"Troika Consulting: consiglio tra pari | Liberating.it",53,https://liberating.it/structures/heard-seen-respected-hsr/
https://liberating.it/structures/user-experience-fishbowl/,"UX Fishbowl: feedback in plenaria | Liberating.it",49,https://liberating.it/10-principi-fondamentali-liberating-structures/
https://liberating.it/structures/w3-what-so-what-now-what/,"W³: debriefing in 3 domande | Liberating.it",43,https://liberating.it/
https://liberating.it/structures/what-i-need-from-you-winfy/,"WINFY: chiedere supporto con chiarezza | Liberating.it",54,https://liberating.it/structures/
https://liberating.it/structures/wicked-questions/,"Wicked Questions: tensioni utili | Liberating.it",48,https://liberating.it/structures/
https://liberating.it/structures/wise-crowds/,"Wise Crowds: feedback da molte prospettive | Liberating.it",58,https://liberating.it/structures/
https://liberating.it/termini-di-servizio/,"Termini di Servizio | Liberating.it",35,https://liberating.it/
