Keyword,Volume ricerca,Pos,Var,URL,SEO,Tag,
innovazione,4400,101,0,,,
dinamiche di gruppo,480,101,0,,,
gruppi di lavoro,140,101,0,,,
pianificazione strategica,1000,101,0,,,
presentazioni,1600,101,0,,,
leadership situazionale,390,101,0,,,
collaborazione,6600,101,0,,,
leadership,18100,101,0,,,
progetti strategici,20,101,0,,,
open space technology,210,11,0,https://liberating.it/structures/open-space-technology-ost/,,
lavagne digitali,30,101,0,,,
cambiamento,3600,101,0,,,
motivazione,6600,101,0,,,
leadership trasformazionale,260,101,0,,,
interazione,3600,101,0,,,
inclusione,1900,101,0,,,
intelligenza collettiva,390,101,0,,,
action planning,40,101,0,,,
consultazione,1900,101,0,,,
coesione,3600,101,0,,,
facilitazione,1600,101,0,,,
apprendimento esperienziale,480,101,0,,,
apprendimento reciproco,10,101,0,,,
ascolto attivo,4400,101,0,,,
world cafe,480,101,0,,,
hsr,4400,101,0,,,
debriefing,6600,101,0,,,
decision making,2900,101,0,,,
scenari futuri,110,101,0,,,
partecipazione attiva,390,101,0,,,
cambiamento organizzativo,170,101,0,,,
root cause,590,101,0,,,
liberating,20,2,99,https://liberating.it/,,
spazi aperti,320,101,0,,,
pensiero creativo,720,101,0,,,
idee innovative,480,101,0,,,
pensiero sistemico,390,101,0,,,
storie di successo,260,101,0,,,
riunioni,210,101,0,,,
seen heard,10,101,0,https://liberating.it/structures/heard-seen-respected-hsr/,,
condivisione,4400,101,0,,,
so what now,10,101,0,,,
panarchy,20,9,92,https://liberating.it/structures/panarchy/,,
ost,2400,101,0,,,
crowd consulting,10,101,0,,,
troika consulting,10,4,0,https://liberating.it/structures/troika-consulting/,,
gestione gruppi,20,101,0,,,
gestione team,50,101,0,,,
metodologia open space,10,11,-1,https://liberating.it/structures/open-space-technology-ost/,,
visione strategica,70,101,0,,,
sviluppo competenze,70,101,0,,,
soluzioni innovative,70,101,0,,,
dialogo costruttivo,50,101,0,,,
leadership collaborativa,30,101,0,,,
distruzione creativa,210,101,0,,,
outcome output,90,101,0,,,
segnali sonori,50,101,0,,,
riunioni efficaci,70,101,0,,,
feedback costruttivo,40,101,0,,,
5 perche,210,101,0,,,
cynefin,260,101,0,,,
trasformazione organizzativa,,101,0,,,
sprint backlog,170,101,0,,,
innovazione prodotti,170,101,0,,,
sprint retrospective,140,101,0,,,
liberating structures,140,2,0,https://liberating.it/,,
coaching comportamentale,0,101,0,,,
apprendimento tra pari,110,101,0,,,
triz,480,101,-81,https://liberating.it/structures/triz/,,
1-2-4-all,,1,0,https://liberating.it/structures/1-2-4-all/,60,
Impromptu Networking,,1,0,https://liberating.it/structures/impromptu-networking/,80,
9 Whys,,4,0,https://liberating.it/structures/9-whys/,80,
Wicked Questions,,101,-98,https://liberating.it/structures/wicked-questions/,80,
Appreciative Interviews,,5,0,https://liberating.it/structures/appreciative-interviews-ai/,,
15% Solutions,,2,0,https://liberating.it/structures/15-solutions/,,
"What, So What, Now What?",,33,-3,https://liberating.it/structures/w3-what-so-what-now-what/,,
Discovery &amp; Action Dialogue,,4,0,https://liberating.it/structures/discovery-action-dialogue-dad/,,
Shift &amp; Share,,4,0,https://liberating.it/structures/shift-share/,,
25/10 Crowd Sourcing,,2,0,https://liberating.it/structures/25-10-crowd-sourcing/,,
Wise Crowds,,3,0,https://liberating.it/structures/wise-crowds/,,
Min Specs,,101,0,https://liberating.it/structures/min-specs/,,
Improv Prototyping,,2,0,https://liberating.it/structures/improv-prototyping/,,
Helping Heuristics,,5,-1,https://liberating.it/structures/helping-heuristics/,,
Conversation Café,,2,0,https://liberating.it/structures/conversation-cafe/,,
User Experience Fishbowl,,6,0,https://liberating.it/structures/user-experience-fishbowl/,,
UX Fishbowl,,101,0,,,
"Heard, Seen, Respected",,6,0,https://liberating.it/structures/heard-seen-respected-hsr/,,
Drawing Together,,6,95,https://liberating.it/structures/drawing-together/,,
Design StoryBoards,,101,0,,,
Social Network Webbing,,2,0,https://liberating.it/structures/social-network-webbing/,,
What I Need From You,,101,0,,,
WINFY,,101,0,,,
Generate Relationship STAR,,101,0,,,
Agreement/Certainty Matrix,,101,-94,,,
Simple Ethnography,,3,1,https://liberating.it/structures/simple-ethnography/,,
Integrated Autonomy,,2,1,https://liberating.it/structures/integrated-autonomy/,,
Critical Uncertainties,,3,0,https://liberating.it/structures/critical-uncertainties/,,
Ecocycle Planning,,3,0,https://liberating.it/structures/ecocycle-planning/,,
Purpose to Practice,,4,0,https://liberating.it/structures/purpose-to-practice-p2p/,,
Talking with Pixies,,1,0,https://liberating.it/structures/talking-with-pixies/,,
one two four all,10,2,0,https://liberating.it/structures/1-2-4-all/,,
25 10 crowdsourcing,50,2,0,https://liberating.it/structures/25-10-crowd-sourcing/,,
conversation cafe liberating structures,10,3,1,https://liberating.it/structures/1-2-4-all/,,
tecnica 1 2 4,0,4,-1,https://liberating.it/structures/1-2-4-all/,,
1 2 4 all,320,1,0,https://liberating.it/structures/1-2-4-all/,,
1-2-4 all,,1,0,https://liberating.it/structures/1-2-4-all/,,
9 whys liberating structures,10,4,0,https://liberating.it/structures/9-whys/,,
triz liberating structures,50,4,0,https://liberating.it/structures/triz/,,
shift and share,30,10,-1,https://liberating.it/structures/shift-share/,,
liberating structures triz,50,3,0,https://liberating.it/structures/triz/,,
ecocycle,210,101,0,https://liberating.it/structures/ecocycle-planning/,,
metodo triz cos'è,,101,-73,,,
ecocycle template,,2,0,https://liberating.it/structures/ecocycle-planning/,,
w³,10,7,-1,https://liberating.it/structures/w3-what-so-what-now-what/,,
crowd-sourcing,,101,0,,,
liberating structure triz,10,3,0,https://liberating.it/structures/triz/,,
ecocycle liberating structures,10,3,0,https://liberating.it/structures/ecocycle-planning/,,
liberating structure,,2,0,https://liberating.it/,,
discovery dialogue,10,10,-1,https://liberating.it/structures/discovery-action-dialogue-dad/,,
liberating structures 9 whys,10,4,0,https://liberating.it/structures/9-whys/,,
liberating structures 1-2-4-all,,2,0,https://liberating.it/structures/1-2-4-all/,,
wicked question,20,3,0,https://liberating.it/structures/wicked-questions/,,
25/10 liberating structures,,2,0,https://liberating.it/structures/25-10-crowd-sourcing/,,
wicked questions liberating structures,10,5,-1,https://liberating.it/structures/wicked-questions/,,
shift and share liberating structures,10,3,-1,https://liberating.it/structures/shift-share/,,
25/10 crowdsourcing,,2,0,https://liberating.it/structures/25-10-crowd-sourcing/,,
liberating structures wicked questions,10,5,0,https://liberating.it/structures/wicked-questions/,,
heard seen respected,10,5,1,https://liberating.it/structures/heard-seen-respected-hsr/,,
discovery and action dialogue,10,3,0,https://liberating.it/structures/discovery-action-dialogue-dad/,,
min specs liberating structures,10,5,-2,https://liberating.it/structures/min-specs/,,
troika liberating structures,10,2,0,https://liberating.it/structures/troika-consulting/,,
liberating structures ecocycle,10,4,-2,https://liberating.it/structures/ecocycle-planning/,,
troika consulting liberating structures,10,6,0,https://liberating.it/structures/troika-consulting/,,
124 all,20,101,0,,,
liberating structures.com,,2,0,https://liberating.it/,,
liberating structures what so what now what,10,4,0,https://liberating.it/structures/w3-what-so-what-now-what/,,
liberatingstructures,2900,2,0,https://liberating.it/,,
9 why,20,101,0,https://liberating.it/structures/9-whys/,,
together drawings,880,3,3,https://liberating.it/structures/drawing-together/,,
1 2 4 method,10,4,-1,https://liberating.it/structures/1-2-4-all/,,
troika consulting method,10,23,-11,https://liberating.it/structures/troika-consulting/,,
domande paradossali,10,101,0,,,
fishbowl liberating structures,10,3,0,https://liberating.it/,,
ecocycle planning template,,4,0,https://liberating.it/structures/ecocycle-planning/,,
eco cycle planning,90,5,0,https://liberating.it/structures/ecocycle-planning/,,
microstrutture,110,101,0,,,
innovazione partecipativa,,101,0,,,
innovazione spontanea,,101,0,,,
inclusività reale,,101,0,,,
rispetto autentico,,101,0,,,
fiducia condivisa,,101,0,,,
libertà responsabile,0,101,0,,,
resistenze al cambiamento,10,101,0,,,
riunioni inefficaci,,101,0,,,
partecipazione limitata,,101,0,,,
riflessione strutturata,,101,0,,,
generazione idee,,101,0,,,
consapevolezza collettiva,,101,0,,,
decisioni importanti,0,101,0,,,
facilitazione remota,,101,0,,,
spazi collaborativi,,101,0,,,
What So What Now What,140,30,8,https://liberating.it/structures/w3-what-so-what-now-what/,,
Quiet Presence,,101,0,,,
consulenza tra pari,,101,0,,,
networking strutturato,,101,0,,,
problem solving collaborativo,,101,0,,,
pattern relazionali,,101,0,,,
soluzioni condivise,,101,0,,,
connessioni significative,,101,0,,,
gruppi piccoli,,101,0,,,
documenti collaborativi,,101,0,,,
interviste apprezzative,,101,0,,,
dialogo strutturato,,101,0,,,
facilitazione visuale,10,101,0,,,
crowd sourcing,1300,101,0,,,
condivisione storie,0,101,0,,,
decisioni collettive,,101,0,,,
gestione cambiamento,10,101,0,,,
oggetto parlante,10,101,0,,,
pattern organizzativi,,101,0,,,
consapevolezza condivisa,,101,0,,,
coinvolgimento attivo,0,101,0,,,
microstrutture liberanti,,101,0,,,
facilitazione strutturata,,101,0,,,
semplificazione regole,,101,0,,,
condivisione innovazioni,,101,0,,,
eliminazione ostacoli,,101,0,,,
consultazione collettiva,,101,0,,,
orientamento nuovi membri,,101,0,,,
trasformazione radicale,,101,0,,,
mentoring tra pari,,101,0,,,
semplificazione processi,,101,0,,,
innovazione diffusa,,101,0,,,
eliminazione sprechi,,101,0,,,
matrice accordo-certezza,,5,96,https://liberating.it/structures/agreement-certainty-matrix/,,
gestione incertezza,,101,0,,,
rinnovamento organizzativo,,101,0,,,
sviluppo strategie,,101,0,,,
facilitazione strategica,,101,0,,,
gestione complessità,,101,0,,,
strategie robuste,,101,0,,,
priorità condivise,,101,0,,,
resilienza organizzativa,10,101,0,,,
innovazione strutturata,,101,0,,,
configurazione workshop,,101,0,,,
prototipazione comportamentale,,101,0,,,
improvvisazione costruttiva,,29,5,https://liberating.it/structures/improv-prototyping/,,
modellazione comportamentale,,101,0,,,
riflessione sistemica,,101,0,,,
formazione interattiva,,101,0,,,
miglioramento interazioni,,101,0,,,
prototipi comportamentali,,101,0,https://liberating.it/structures/improv-prototyping/,,
modelli di interazione,,101,0,,,
trasformazione pratiche,,101,0,,,
improvvisazione guidata,,101,0,,,
trasferimento conoscenze,,101,0,,,
condivisione esperienze,,101,0,,,
gestione silos organizzativi,,101,0,,,
early adoption,1600,101,0,,,
pattern emergenti,,101,0,,,
connessioni dirette,,101,0,,,
interdipendenze mappate,,101,0,,,
facilitazione dialogica,,101,0,,,
pattern-finding,,101,0,,,
come iniziare con le liberating structures,,1,0,https://liberating.it/,,
guida completa liberating structures,,3,2,https://liberating.it/,,
liberating structures per riunioni online efficaci,,2,0,https://liberating.it/,,
come facilitare 1-2-4-all in team remoti,,2,-1,https://liberating.it/structures/1-2-4-all/,,
1-2-4-all per workshop aziendali,,12,89,https://liberating.it/structures/1-2-4-all/,,
TRIZ per innovazione,,20,2,https://liberating.it/structures/triz/,,
TRIZ vs brainstorming,,101,0,,,
come gestire resistenza al cambiamento con liberating structures,,29,-3,https://liberating.it/structures/liquid-courage/,,
facilitare ecocycle planning prima volta,,2,0,https://liberating.it/structures/ecocycle-planning/,,
tecniche impromptu networking team numerosi,,1,0,https://liberating.it/structures/impromptu-networking/,,
liberating structures per sviluppo leadership partecipativa,,2,0,https://liberating.it/,,
come usare wicked questions per strategic planning,,1,0,https://liberating.it/structures/wicked-questions/,,
liberating structures per startup tecnologiche,,2,-1,https://liberating.it/structures/shift-share/,,
liberating structures gestione conflitti aziendali,,101,-68,https://liberating.it/structures/integrated-autonomy/,,
facilitare shift and share team multiculturali,,24,77,https://liberating.it/structures/shift-share/,,
appreciative interviews cambio organizzativo,,2,0,https://liberating.it/structures/appreciative-interviews-ai/,,
corso base liberating structures online italiano,,44,-40,https://liberating.it/structures/appreciative-interviews-ai/,,
certificazione facilitatore liberating structures,,39,-36,https://liberating.it/,,
workshop avanzato metodologie partecipative,,101,0,,,
template ecocycle planning italiano,,1,0,https://liberating.it/structures/ecocycle-planning/,,
checklist facilitatore liberating structures,,4,0,https://liberating.it/structures/ecocycle-planning/,,
materiali formativi discovery action dialogue,,1,0,https://liberating.it/structures/discovery-action-dialogue-dad/,,